Country Name;Country Code;Indicator Name;Indicator Code;1960;1961;1962;1963;1964;1965;1966;1967;1968;1969;1970;1971;1972;1973;1974;1975;1976;1977;1978;1979;1980;1981;1982;1983;1984;1985;1986;1987;1988;1989;1990;1991;1992;1993;1994;1995;1996;1997;1998;1999;2000;2001;2002;2003;2004;2005;2006;2007;2008;2009;2010;2011;2012;2013;2014;2015;2016;2017;2018;2019;2020;2021;2022;
Aruba;ABW;Food production index (2014-2016 = 100);AG.PRD.FOOD.XD;;;;;;;;;;;;;;;;;;;;;;;;;;;;;;;;;;;;;;;;;;;;;;;;;;;;;;;;;;;;;;;;
Africa Eastern and Southern;AFE;Food production index (2014-2016 = 100);AG.PRD.FOOD.XD;;;;;;;;;;;;;;;;;;;;;;;;;;;;;;;;;;;;;;;;;;;;;;;;;;;;;;;;;;;;;;;;
Afghanistan;AFG;Food production index (2014-2016 = 100);AG.PRD.FOOD.XD;;41.48;41.81;41.62;45.13;47.25;48.99;53.67;56.05;56.76;51.96;48.72;51.98;55.88;57.56;59.2;63.89;57.35;61.67;60.93;61.28;61.13;60.56;58.99;56.58;52.78;48.32;50.05;49.47;49.24;53.02;60.86;58.98;62.26;65.83;68.75;72.36;77.46;81.7;80.77;68.7;62.42;75.75;77.83;75.77;84.68;78.42;85.87;80.73;93.57;93;88.65;97.21;94.29;101.67;95.99;102.34;100.02;96.07;112.55;118.09;113.74;;
Africa Western and Central;AFW;Food production index (2014-2016 = 100);AG.PRD.FOOD.XD;;;;;;;;;;;;;;;;;;;;;;;;;;;;;;;;;;;;;;;;;;;;;;;;;;;;;;;;;;;;;;;;
Angola;AGO;Food production index (2014-2016 = 100);AG.PRD.FOOD.XD;;14.65;15.18;15.52;16.24;16.77;17.02;17.49;17.53;18.49;19.39;19.49;19.01;19.94;19.32;19.14;18.88;18.43;18.49;17.95;18.19;17.82;18.1;18.4;18.66;18.98;19.68;19.92;19.83;19.83;19.92;20.82;22.27;22.1;24.88;24.04;25.84;25.77;29.94;28.77;33.6;38.65;43.79;47.23;50.99;55.6;56.56;64.15;68.29;85.36;90.3;98.63;81.13;110.73;97.41;100.32;102.27;103.19;105.59;107.53;112.6;114.59;;
Albania;ALB;Food production index (2014-2016 = 100);AG.PRD.FOOD.XD;;21.34;21.93;20.71;23.37;22.23;25.47;27.29;28.01;28.34;29.09;30.17;30.68;32.86;33.82;34.42;38.09;39.79;41.53;42.27;41.43;43.08;44.46;48.43;44.95;44.32;44.04;45.57;44.31;49.4;48.66;41.33;45.58;51.51;57.26;61.57;62.07;58.79;61.35;60.74;63.99;65.87;66.36;69.55;72.86;71.62;74.39;75.42;77.71;80.49;85.62;89.88;95.03;95.62;96.82;100.07;103.11;103.9;106.08;104.11;105.77;103.44;;
Andorra;AND;Food production index (2014-2016 = 100);AG.PRD.FOOD.XD;;;;;;;;;;;;;;;;;;;;;;;;;;;;;;;;;;;;;;;;;;;;;;;;;;;;;;;;;;;;;;;;
Arab World;ARB;Food production index (2014-2016 = 100);AG.PRD.FOOD.XD;;;;;;;;;;;;;;;;;;;;;;;;;;;;;;;;;;;;;;;;;;;;;;;;;;;;;;;;;;;;;;;;
United Arab Emirates;ARE;Food production index (2014-2016 = 100);AG.PRD.FOOD.XD;;4.59;4.66;4.81;5;5.11;5.26;5.4;5.63;5.96;6.38;6.71;6.53;7.37;8.44;8.28;7.61;9.08;11.8;13.42;15.82;17.41;21.98;25.1;23.72;24.57;25.65;25.54;31.66;35.59;37.11;44.6;55.48;58.86;63.03;71.71;77.98;93.88;95.72;144.81;185.23;122.1;119.93;111.31;119.83;121.7;111.88;111.48;120.88;119.04;129.7;75.57;77.32;78.77;94.36;98.36;107.28;107.31;111.43;114.48;118.28;124.71;;
Argentina;ARG;Food production index (2014-2016 = 100);AG.PRD.FOOD.XD;;31.41;33.2;36.2;33.65;31.93;35.54;38.95;36.94;39.81;38.87;36.31;36.18;37.68;39.84;40.73;45.04;44.76;48.08;48.5;44.56;48.17;49.06;47.74;49.06;50.05;51.39;48.61;49.57;46.09;51.18;52.71;52.94;52.99;55.69;59.02;57.16;62;66.78;68.47;69.09;69.3;68.92;71.55;73.11;83.13;82.09;89.91;91.19;76.14;88.16;92.8;86.48;94;95.09;103.96;100.95;106.03;97.49;112.59;109.35;108.23;;
Armenia;ARM;Food production index (2014-2016 = 100);AG.PRD.FOOD.XD;;;;;;;;;;;;;;;;;;;;;;;;;;;;;;;;;50.73;45.52;50.47;50.05;51.81;44.86;48.71;48.07;46.3;48.43;49.72;53.7;62.67;72.74;75.6;82.25;84.47;84.35;73;81.17;88.2;92.5;97.4;106.65;95.95;95.24;83.48;81.28;85.99;84.87;;
American Samoa;ASM;Food production index (2014-2016 = 100);AG.PRD.FOOD.XD;;;;;;;;;;;;;;;;;;;;;;;;;;;;;;;;;;;;;;;;;;;;;;;;;;;;;;;;;;;;;;;;
Antigua and Barbuda;ATG;Food production index (2014-2016 = 100);AG.PRD.FOOD.XD;;157.12;157.57;194.11;200.06;136.88;111;94.46;77.14;94.73;97.34;154.12;87.52;83.93;82.48;80.19;82.61;86.36;100.98;109.94;123.71;126;121.71;119.34;116.83;133.84;135.64;138.55;142.06;119.48;126.63;138.16;135.61;138.71;139.15;135.79;135.27;135.84;134.62;139.88;140.71;143.8;144.38;150.32;153;135.97;140.67;143.11;145.98;141.4;102.49;104.99;99.69;101.46;100.66;100.31;99.03;93.31;87.56;86.62;86.45;84.87;;
Australia;AUS;Food production index (2014-2016 = 100);AG.PRD.FOOD.XD;;32.35;36.73;38.46;40.83;39.35;43.19;39.2;45.26;43;45.31;47.76;48.91;52.24;47.35;51.62;55.24;54.62;62.83;60.22;52.94;56.55;51.7;61.69;58.44;57.53;59.49;58.81;61.37;60.41;63.13;63.4;63.04;67.19;70.42;64.4;71.97;78.74;79.1;84.2;87.03;87.19;88.75;73.45;89.97;87.28;90.96;76.45;80.9;86.76;86.41;90.37;95.53;96.86;100.8;101.22;97.98;108.12;97.5;91.53;89.56;106.7;;
Austria;AUT;Food production index (2014-2016 = 100);AG.PRD.FOOD.XD;;79.14;78;83.01;85.43;74.22;81.32;86.89;91.3;89.14;88.41;86.92;84.36;87.52;89.14;89.72;91.62;88.88;93.43;93.78;98.3;94.06;105.29;99.14;102.44;98.56;99.64;98.27;102.97;98.28;99.88;97.92;94.84;94.28;94.29;91.09;91.14;93.31;95.07;97.58;95.64;97.55;96.95;94.3;99.59;95.6;95.26;97.92;103.56;101.87;95.34;102.99;95.95;96.24;102.03;97.37;100.6;98.48;100.51;99.96;101.84;99.8;;
Azerbaijan;AZE;Food production index (2014-2016 = 100);AG.PRD.FOOD.XD;;;;;;;;;;;;;;;;;;;;;;;;;;;;;;;;;50.95;42.24;38.27;37.17;42.11;40.65;43.12;47.9;53.46;59.73;63.55;66.79;67.09;74.92;76.52;78.58;82.73;88.59;86.48;91.2;95.38;98.45;94.84;101.27;103.88;107.73;113.33;121.46;122.2;126.98;;
Burundi;BDI;Food production index (2014-2016 = 100);AG.PRD.FOOD.XD;;49.9;50.14;50.84;54.64;54.99;55.25;57.32;58.9;58.7;59.18;60.56;55.76;62.44;57.86;63.82;65.27;66.56;63.08;62.92;62.29;65.7;64.68;63.77;63.9;71.9;75.98;77.94;80.1;76.2;81.12;83.87;85.6;83.71;72.35;75.95;77.04;77.71;72.37;75.82;72.86;78.48;80.59;82.87;78.78;80.27;81.04;83.33;84.26;89.74;91.17;90.19;80.17;114.19;100.92;94.86;104.22;101.08;124.44;135.1;132.41;123.7;;
Belgium;BEL;Food production index (2014-2016 = 100);AG.PRD.FOOD.XD;;;;;;;;;;;;;;;;;;;;;;;;;;;;;;;;;;;;;;;;;98.36;94.75;97.84;95.38;98.88;93.39;91.23;93.48;90.21;92.73;95.84;96.72;91.37;95.83;101.81;101.33;96.87;102.59;98.38;100.97;101.49;102.49;;
Benin;BEN;Food production index (2014-2016 = 100);AG.PRD.FOOD.XD;;14.37;13.81;13.86;14.21;14.8;14.62;16.3;16.78;16.47;16.75;16.68;16.92;17.63;16.83;16.95;19.28;19.49;21.74;22.58;21.38;21.13;21.23;21.39;26.18;26.65;27.51;24.97;29.35;30.54;31.31;34.98;34.73;35.65;37.82;39.57;42.26;46.82;48.29;51.57;55.17;55.68;65.18;62.51;66.41;66.69;59.03;61.04;74.43;77.51;80.51;84.97;91.68;99.15;103.07;94.87;102.05;104.57;109.45;117.25;114.66;119.17;;
Burkina Faso;BFA;Food production index (2014-2016 = 100);AG.PRD.FOOD.XD;;11.25;12.18;12.35;13.58;13.96;13.91;14.19;14.9;14.69;15.05;14.33;13.63;12.21;13.69;15.28;13.85;14.2;15.28;15.99;15.21;16.96;16.93;17.32;17.54;21.88;23.89;22.41;25.79;25.05;25.8;34.94;35.93;37.88;36.78;37.87;40.42;37.62;44.12;46.25;42.9;52.5;52.96;59.94;56.47;63.23;64.58;62.79;75.12;73.21;81.67;78.52;85.22;95.42;99.27;98.53;102.2;95.27;112.24;121.26;123.97;116.21;;
Bangladesh;BGD;Food production index (2014-2016 = 100);AG.PRD.FOOD.XD;;25.4;24.31;27.54;27.73;27.92;26.82;30.32;31.06;32.34;30.86;28.75;28.3;31.2;30.32;33.39;32.02;34.1;35.3;35.08;35.63;35.39;36.68;37.58;37.91;39.29;39.67;39.74;40.38;44.19;44.64;45.96;46.57;46.53;44.9;46.89;49.45;50.08;51.98;58.82;62.64;61.36;63.17;64.86;63.83;71.77;74.12;78.4;84.55;85.07;90.16;93.31;94.1;96.33;98.72;100.48;100.8;107.85;107.75;108.34;111.48;116.39;;
Bulgaria;BGR;Food production index (2014-2016 = 100);AG.PRD.FOOD.XD;;96.26;103.53;107.34;111.31;119.58;135.07;132.24;134.34;137.6;133.59;136.03;141.48;143.12;136.5;140.1;153;143.08;150.41;156.17;150.54;162.99;173.14;157.95;171.28;145.48;164.54;156.43;158.64;167.23;154.34;141.84;128.12;102.37;105.87;116.57;94.48;102.5;101.25;102.58;94;80.39;86.97;77.18;95.54;77.4;82.3;65.69;88.42;82.08;91.43;91.55;83.86;102.69;100.74;97.47;101.79;106.22;105.8;107.73;90.37;109.59;;
Bahrain;BHR;Food production index (2014-2016 = 100);AG.PRD.FOOD.XD;;15.33;15.36;15.5;15.46;15.96;15.66;15.91;15.6;16.11;16.47;16.15;16.72;17.3;18.46;26.22;33.66;41.33;42.31;43.87;46.56;23.52;23.83;22.72;25.22;28.71;26.26;34.2;27.93;29.16;21.85;22.35;25.87;28.5;26.02;28.73;29.54;35.84;37.69;36.24;39.42;34.82;33.26;31.73;29.28;29.57;34.93;35.44;35.31;39.72;36.57;48.83;67.61;86.22;83.41;98.7;117.89;137.69;138.95;129.86;121.21;128.36;;
Bahamas, The;BHS;Food production index (2014-2016 = 100);AG.PRD.FOOD.XD;;25.94;26.99;28.49;29.78;31.47;34.06;35.69;35.97;34.08;35.46;34.61;37.9;48.69;51.22;51.09;57.38;49.39;46.04;43.83;43.61;50.77;48.27;46.41;48.79;48.52;46.92;49.54;50.43;53.5;53.34;47.94;48.01;48.21;47.14;60.39;68.35;64.67;79.58;81.6;63.68;66.88;65.67;71.61;75.28;75.13;77.88;81.45;81.51;78.63;92.69;95.65;93.88;95.05;98.78;100.28;100.94;100.71;101.85;99.87;99.94;99.55;;
Bosnia and Herzegovina;BIH;Food production index (2014-2016 = 100);AG.PRD.FOOD.XD;;;;;;;;;;;;;;;;;;;;;;;;;;;;;;;;;78.82;72.65;63.8;60.67;56.29;70.82;79.35;76.48;65.58;70.13;74.14;69.13;92.66;92.52;96.63;94.97;103.04;107.17;100.04;101.43;91.82;104.99;88.85;99.16;111.99;94.61;115.08;105.35;115.05;95.54;;
Belarus;BLR;Food production index (2014-2016 = 100);AG.PRD.FOOD.XD;;;;;;;;;;;;;;;;;;;;;;;;;;;;;;;;;92.43;96.06;80.45;78.1;80.52;73.74;72.88;67.53;70.98;71.78;72.6;73.62;83.49;82.62;86.78;90.11;98.17;98.3;97.26;94.87;101.07;96.07;101.14;100.05;98.81;103.29;99.37;101.63;106.62;103;;
Belize;BLZ;Food production index (2014-2016 = 100);AG.PRD.FOOD.XD;;14.21;11.94;13.13;15.94;16.93;19.44;21.42;23.95;22;23.57;25.61;26.77;29.14;31.46;29.12;27.94;33.09;37.15;34;39.97;40.01;42.45;39.7;40.49;40.16;41.84;47.42;45.2;46.61;53.44;50.98;62.56;64.32;61.96;69.01;74.27;81.22;75.28;82.4;94.36;95.85;87.39;89.66;100.53;102.68;99.8;98.99;96.15;96.45;96.64;88.84;106.3;99.62;102.29;102.1;95.61;103.64;98.65;96.97;95.16;101.44;;
Bermuda;BMU;Food production index (2014-2016 = 100);AG.PRD.FOOD.XD;;;;;;;;;;;;;;;;;;;;;;;;;;;;;;;;;;;;;;;;;;;;;;;;;;;;;;;;;;;;;;;;
Bolivia;BOL;Food production index (2014-2016 = 100);AG.PRD.FOOD.XD;;13.82;14.31;15.16;15.33;15.97;16.53;16.94;18.01;18.1;19.6;20.16;21.8;22.82;23.67;25.58;26.55;25.99;25.91;26.37;29.27;29.65;30.3;25.27;29.36;32.61;32.36;33.74;35.13;36.09;38.74;39.3;38.28;40.81;43.45;46.84;48.37;49.85;51.8;52.28;54.77;56.11;58.77;61.69;61.78;66.15;70.25;74.63;75.81;79.29;78.3;80.22;89.04;93.09;96.03;101.8;102.17;101.63;109.45;109.81;109.36;116.57;;
Brazil;BRA;Food production index (2014-2016 = 100);AG.PRD.FOOD.XD;;12.22;12.71;13.25;13.84;15.29;14.99;15.98;16.69;17.16;18.09;18.32;19.54;19.55;20.49;21.62;23.58;24.37;23.85;25.24;28.4;28.94;30.07;29.95;31.89;34.14;33.8;36.73;38.12;39.88;38.09;39.91;42.45;42.89;46.22;49.34;48.84;50.94;51.41;55.19;56.55;59.36;62.79;67.98;70.43;71.21;74.75;79.96;84.8;84.09;88.86;92.42;91.21;97.64;99.15;101.82;99.03;107.16;107.09;109.25;111.58;112.2;;
Barbados;BRB;Food production index (2014-2016 = 100);AG.PRD.FOOD.XD;;144.36;150.13;170.42;153.7;172.83;158.88;182.11;147.17;140.56;158.75;144.75;132.5;130.91;125.49;118.45;125.51;140.32;135.86;148.95;165.28;147.46;137.47;126.24;131.72;126.73;139.87;128.81;130.01;129.36;132.72;130.18;117.06;108.78;105.7;111.82;133.81;127.85;118.96;122.81;120.19;111.64;108.24;112.28;112.28;123.25;113.02;118.73;110.38;115.89;106.98;108.93;107.13;98.01;99.11;102.64;98.24;102.65;108.19;105.02;88.36;88.78;;
Brunei Darussalam;BRN;Food production index (2014-2016 = 100);AG.PRD.FOOD.XD;;10.98;14.09;13.05;11.19;10.44;11.21;12.51;13.38;14.99;15.74;15.51;14.14;16.29;21.6;20.25;19.55;18.82;17.7;18.91;21.44;22.99;24.68;25.89;25.79;32.96;27.42;21.03;18.76;21.06;18.11;20.14;26.91;27.51;29.34;30.24;26.55;33.69;38.76;48.39;54.92;62.96;69.75;68.35;66.13;48.78;78.47;82.13;84.67;85.18;89.22;95.88;97.66;105.53;99.41;97.15;103.44;99.96;102.11;100.29;107.52;116.68;;
Bhutan;BTN;Food production index (2014-2016 = 100);AG.PRD.FOOD.XD;;39.08;40.76;42.34;43.46;44.59;45.51;46.73;47.79;49.03;50.11;51.31;52.43;53.55;54.79;56.1;57.42;58.71;60.32;61.72;65.14;69.61;70.47;72.31;79.03;75.2;76.31;84.61;72.99;74.37;85.62;59.99;61.04;63.16;64.09;65.78;65.44;63.76;61.9;58.88;49.47;50.73;48.85;52.68;62.77;92.24;104.86;102.35;86.54;80.46;83.7;102.4;91.85;89.25;93.34;96.13;110.53;109.79;95.2;102.23;111.02;99.35;;
Botswana;BWA;Food production index (2014-2016 = 100);AG.PRD.FOOD.XD;;43.57;44.37;48.8;53.73;53.01;54.7;57.1;55.49;56.61;62.1;67.05;66.54;63.33;64.92;63.41;70.65;67.44;55.29;70.62;54.28;68.13;71.35;66.32;73.43;71.2;70.16;62.77;67.06;69.6;74.92;110.95;102.36;97.53;94.85;113.45;103.18;98.74;94.23;85.82;95.79;102.03;89.75;90.07;99.13;103.6;102.33;103.61;108.95;115.06;126.14;130.79;127.68;115.07;99.91;105.37;94.72;93.21;95.98;100.88;100.72;106.04;;
Central African Republic;CAF;Food production index (2014-2016 = 100);AG.PRD.FOOD.XD;;24.79;25.1;25.45;25.38;27.09;25.82;27.96;28.02;29.28;30.22;31.41;32.3;33.6;36.11;37.38;37.09;38.47;37.95;39.66;41.4;42.73;43.65;43.82;41.68;41.85;46.77;47.21;50.12;51.1;51.13;52.46;54.59;55.82;57.06;60.95;67.76;67.04;69.25;69.24;76.33;77.57;79;77.75;82.35;84.12;86.31;91.03;92.41;94.91;95.32;100.45;101.33;101.87;99.62;99.15;101.23;104.5;106.86;107.21;109.42;111.26;;
Canada;CAN;Food production index (2014-2016 = 100);AG.PRD.FOOD.XD;;30.74;36.71;39.54;38;41.49;44.91;40.37;43.18;43.58;41.52;46.79;44.49;44.85;42.42;47.04;50.99;51.63;53.01;49.57;52.22;56.44;59.49;56.71;56.02;59.45;63.64;61.88;54.83;60.43;66.17;62.36;60.95;63.66;65.78;67.07;70.33;69.33;74;79.64;77.91;70.34;66.58;75.45;82.34;84.04;81.26;80.31;89.32;87.14;86.14;85.27;87.42;101;94.65;98.53;106.82;108.54;109.32;110.39;113.34;95.95;;
Central Europe and the Baltics;CEB;Food production index (2014-2016 = 100);AG.PRD.FOOD.XD;;;;;;;;;;;;;;;;;;;;;;;;;;;;;;;;;;;;;;;;;;;;;;;;;;;;;;;;;;;;;;;;
Switzerland;CHE;Food production index (2014-2016 = 100);AG.PRD.FOOD.XD;;79.66;82.96;81.19;81.67;77.39;82.42;89.3;88.5;88.21;87.92;89.09;85.27;91.16;90.13;93.34;94.16;92.78;95.83;102.68;100.05;98.53;108.66;100.86;106.7;104.83;105.67;100.06;105.28;106.02;104.16;102.23;105.32;100.98;96.73;98.72;101.84;96.2;101.08;95.34;97.35;94.63;96.82;93.03;97.16;95.2;94.94;97.81;98.33;101.09;98.98;104.56;100.47;97.37;102.58;99.43;97.98;97.74;101.65;97.32;99.03;95.33;;
Channel Islands;CHI;Food production index (2014-2016 = 100);AG.PRD.FOOD.XD;;;;;;;;;;;;;;;;;;;;;;;;;;;;;;;;;;;;;;;;;;;;;;;;;;;;;;;;;;;;;;;;
Chile;CHL;Food production index (2014-2016 = 100);AG.PRD.FOOD.XD;;25.28;26.42;26.65;26.32;25.72;28.76;28.82;30.83;28.4;29.98;30.26;28.39;26.03;30.77;31.81;31.17;33.59;33.1;35.99;36.36;38.97;38.88;36.67;38.13;38.12;39.6;41.37;44.19;47.77;50.65;52.35;54.18;57.33;61.89;65.57;67.88;68.06;69.67;68.09;70.83;75.96;76.32;78.47;81.34;85.63;90.49;87.28;90.09;89.79;92.94;97.79;100.45;101.06;97.58;101.34;101.08;98.86;108.63;107.59;105.56;107.11;;
China;CHN;Food production index (2014-2016 = 100);AG.PRD.FOOD.XD;;11.1;11.77;12.32;13.05;14.19;15.24;15.42;15.33;15.61;16.56;17.29;17.03;18.9;18.86;19.35;19.16;19.62;21.54;22.49;22.58;23.37;25.24;27.07;29.07;29.14;30.48;32.14;32.85;34.03;36.55;37.67;39.96;43.67;46.25;50.76;53.25;55.38;58.65;61.42;64.2;65.29;67.97;68.94;72.55;75.41;76.93;78.69;83.35;85.72;88.29;91.33;94;95.89;97.6;101.36;101.04;102.22;103.16;103.21;104.71;108.74;;
Cote d'Ivoire;CIV;Food production index (2014-2016 = 100);AG.PRD.FOOD.XD;;12.66;14.69;14.72;15.87;15.93;16.95;17.75;18.23;19.37;19.63;21.37;20.5;21.9;24.28;27.6;27.08;27.88;29.55;31.56;32.36;34.1;33.45;32.78;38.33;38;39.31;40.58;43.77;43.76;46.5;46.53;48.25;48.57;49.8;55.47;57.73;58.84;60.81;61.25;65.46;64.21;65.55;66.28;69.14;68.91;72.96;70.15;75.67;70.92;76.04;79.19;83.57;86.47;94.7;104.26;101.04;111.53;114.56;116.75;119.82;122.03;;
Cameroon;CMR;Food production index (2014-2016 = 100);AG.PRD.FOOD.XD;;15.21;16.22;17.47;17.9;16.14;17.22;19.18;19.97;19.51;21.59;22.45;23.56;24.17;26.38;26.09;25.22;25.73;24.84;25.34;25.59;26.22;27.05;27.9;27.13;29.42;31.33;28.52;29.23;30.61;32.05;32.65;33.19;35.31;36.44;38.61;40.19;39.23;41.16;43.62;44.52;45.55;46.85;48.5;50.71;58.71;62.94;67.31;71.06;76.5;81.71;84.44;89.34;92.38;95.55;100.39;104.06;98.81;99.71;100.86;100.72;103.47;;
Congo, Dem. Rep.;COD;Food production index (2014-2016 = 100);AG.PRD.FOOD.XD;;28.44;28.82;29;29.5;29.96;30.29;31.15;32.3;32.74;34.13;34.25;35.04;36.38;37.52;38.52;39.02;39.43;38.28;40.49;42.13;42.87;44.82;46.17;47.48;49.38;50.71;52.1;53.71;55.56;58.23;60.14;61.89;62.36;63.84;52.39;52.22;50.95;51.94;50.69;49.8;48.92;47.98;48.27;48.5;48.73;48.96;49.29;49.7;50.23;82.1;85.72;87.66;92.78;99.38;100.02;100.59;105.61;107.82;109.93;114.61;119.58;;
Congo, Rep.;COG;Food production index (2014-2016 = 100);AG.PRD.FOOD.XD;;27.48;28;28.15;29.41;30.21;31.21;33.58;33.4;32.94;32.78;33.72;32.58;33.53;32.97;33.93;34.51;34.53;34.2;35.61;36.75;38.4;40.43;39.89;41.58;43.36;42.95;44.12;45.31;44.39;44.47;43.31;44.29;45.2;48.12;51.48;53.25;53.69;53.32;56.78;58.18;59.6;60.3;62.6;65.87;70.27;73.43;76.67;81.3;84.39;85;88.59;92.65;93.37;98.96;102.38;98.67;99.95;102.69;103.94;103.95;107.96;;
Colombia;COL;Food production index (2014-2016 = 100);AG.PRD.FOOD.XD;;23.39;25.23;24.97;26.42;26.92;26.74;27.28;28.27;28.84;30.3;32.48;32.68;33.14;35.49;38.75;41.29;41.11;43.92;45.46;45.7;47.18;46.32;45.21;46.49;46.7;48.4;49.66;52.61;56.75;59.61;59.12;58.72;60.53;62.63;66.37;67.05;68.95;67.56;70.47;71.72;72.24;73.96;76.47;78.67;80.04;83.46;85.97;89.44;85.32;82.78;85.22;92.78;96.08;96.87;100.47;102.65;96.74;101.98;104.81;103.67;105.67;;
Comoros;COM;Food production index (2014-2016 = 100);AG.PRD.FOOD.XD;;38.53;38.91;39.95;41.52;42.64;44.51;44.46;45.39;46.22;45.97;46.3;46.36;50.27;50.74;49.48;50.86;52.97;54.59;54.16;53.91;51.44;53.24;54.39;52.79;53.78;55.62;60.91;62.12;63.69;67.49;73.48;74.99;76.45;77.35;80.11;82.02;80.75;83.52;85.29;84.71;86.93;86.7;87.14;88.56;88.31;92.99;94.68;96.58;97.41;97.51;99.01;98.11;101.6;97.16;98.6;104.24;104.44;105.81;105.84;106.31;105.82;;
Cabo Verde;CPV;Food production index (2014-2016 = 100);AG.PRD.FOOD.XD;;32.48;35.3;36.68;39.3;42.66;43.95;42.89;32.02;32.15;27.44;24.43;23.46;23.15;22.73;23.52;26.29;26.93;30.51;33.85;44.04;32.42;35.54;30.75;36.96;37.65;49.89;72.04;73.51;72.51;67.89;61.52;71.52;72.74;61.93;73.39;64.45;68.69;76.36;90.96;103.14;97.91;92.02;92.52;94.94;93.76;91.99;98.27;92.23;95.88;92.87;97.01;100.42;104.85;99.38;100.81;99.81;91.79;77.86;78.9;80.66;82.01;;
Costa Rica;CRI;Food production index (2014-2016 = 100);AG.PRD.FOOD.XD;;12.25;12.89;13.68;14.57;14.96;15.4;16.07;19.04;20.7;22.86;24.49;25.22;26.1;25.44;29.05;30.17;30.62;30.85;31.86;31.11;31.78;29.63;31.4;32.76;34.11;35.01;36.1;36.98;42.74;46.94;48.96;50.96;51.34;54.37;57.41;60.5;61.64;64.11;67.22;66.99;67.64;65.31;68.59;69.9;74.29;83.97;82.05;80.96;83.69;87.47;90.56;93.33;95.89;99.32;98.93;101.75;104.93;105.65;101.84;99.51;102.66;;
Caribbean small states;CSS;Food production index (2014-2016 = 100);AG.PRD.FOOD.XD;;;;;;;;;;;;;;;;;;;;;;;;;;;;;;;;;;;;;;;;;;;;;;;;;;;;;;;;;;;;;;;;
Cuba;CUB;Food production index (2014-2016 = 100);AG.PRD.FOOD.XD;;84.58;67.84;63.72;70.11;84.3;72.5;87.09;87.65;84.58;121.68;94.1;87.34;90.44;94.58;91.72;96.8;107.3;118.84;125.69;115.49;120.91;125.31;123.34;133.29;126.17;127.62;128.64;135.39;140.17;140.11;130.76;114.72;83.9;84.1;78.15;91.73;87.55;82.71;97.39;112.67;111.26;114.19;115.16;119.1;96.33;82.9;91.46;93.82;95.79;86.04;90.14;93.89;97.33;97.39;99.51;103.1;103.91;95.02;95.36;73.26;68.31;;
Curacao;CUW;Food production index (2014-2016 = 100);AG.PRD.FOOD.XD;;;;;;;;;;;;;;;;;;;;;;;;;;;;;;;;;;;;;;;;;;;;;;;;;;;;;;;;;;;;;;;;
Cayman Islands;CYM;Food production index (2014-2016 = 100);AG.PRD.FOOD.XD;;;;;;;;;;;;;;;;;;;;;;;;;;;;;;;;;;;;;;;;;;;;;;;;;;;;;;;;;;;;;;;;
Cyprus;CYP;Food production index (2014-2016 = 100);AG.PRD.FOOD.XD;;72.51;73.63;68.18;68.35;90.47;92.44;108.64;111.67;123.03;118.18;134.88;131.18;106.16;110.7;87.27;95.44;96.86;101;106.5;109.09;112.19;112.72;116.5;122.48;120.9;115.88;122.38;132.7;140.44;131.82;113.01;130.53;139.87;124.61;146.19;141.01;126.2;136.38;142.51;138.7;137.46;143.22;137.79;141.08;126.36;118.28;115.81;112.1;107.7;107.23;111.8;105.46;99.46;97.77;103.15;99.08;104;102.36;106.12;106.37;110.73;;
Czechia;CZE;Food production index (2014-2016 = 100);AG.PRD.FOOD.XD;;;;;;;;;;;;;;;;;;;;;;;;;;;;;;;;;;125.5;110.65;113.69;114.52;109.44;111.23;112.5;106.95;109.71;99.13;90.91;107.78;100.95;93.2;99.8;101.49;96.84;88.96;95.99;85.83;93;101.45;97.07;101.48;94.95;92.93;92.95;97.33;97.7;;
Germany;DEU;Food production index (2014-2016 = 100);AG.PRD.FOOD.XD;;72.03;78.99;82.44;80.83;77.93;81.94;88.29;88.92;85.36;88.48;88.14;87.89;89.44;92.39;89.05;86.72;91.02;94.78;96.5;95.1;94.78;99.46;96.66;103.17;103.44;106.99;103.29;103.6;102.7;100.42;92.11;87.24;86.2;83.31;85.76;87.86;88.44;89.8;92.54;93.65;94.12;89.97;86.08;95.65;92.14;90.13;91.83;96.41;98.31;94.55;95.21;96.12;97.07;102.97;99.27;97.76;97.5;91.86;94.4;95.43;94.47;;
Djibouti;DJI;Food production index (2014-2016 = 100);AG.PRD.FOOD.XD;;24.49;25.18;26.04;26.6;27.09;28.92;30.04;31.97;34.02;35.19;36.54;38.15;37.85;40.03;40.92;45.33;44.31;46.45;59.09;74.89;69.92;69.54;81.37;89.2;103.41;110.72;113.78;118.18;140.66;137.41;86.18;86.8;88.33;91.1;90.34;92.28;93.67;95.26;100.08;113.84;114.95;115.72;114.62;98.6;110.31;88.46;115.22;116.87;117.81;118.04;119.69;123.38;121.62;102.73;83.93;113.34;126.72;131.22;136.75;139.79;144.13;;
Dominica;DMA;Food production index (2014-2016 = 100);AG.PRD.FOOD.XD;;69.11;67.09;67.37;78.86;87.91;85.78;85.47;92.03;95.9;84.47;81.61;81.59;76.72;83.24;87.17;98.41;98.47;108.12;82.28;73.87;90.76;94.59;94.26;97.87;100.21;120.16;132.47;147.65;131.58;130.97;123.76;119.46;122.33;108.34;99.24;116.12;114.35;106.69;104.76;105.18;97.34;95.7;88.37;90.76;90.12;92.74;95.12;94.91;98.28;97.68;97.2;99.89;99.04;98.59;99.04;102.37;99.64;99.44;100.26;100.5;100.12;;
Denmark;DNK;Food production index (2014-2016 = 100);AG.PRD.FOOD.XD;;70.01;70.93;70.49;71.63;71.68;70.77;70.7;71.5;68.82;67.11;68.09;67.31;68.25;72.45;69.83;69.14;74.8;76.42;79.36;78.8;79.81;83.27;81.21;89.95;88.25;90.26;85.59;87.3;89.72;94.13;93.4;89.09;95.44;92.16;95.09;94.79;96.29;98.18;96.65;97.16;97.93;97.49;98.58;100.01;98.74;95.49;97.19;98;98.1;97.02;98.67;98.74;97.3;99.93;101.24;98.83;102.11;92.87;100.59;102.66;102.94;;
Dominican Republic;DOM;Food production index (2014-2016 = 100);AG.PRD.FOOD.XD;;30.28;30.76;29.95;30.99;28.53;30.43;30.28;30.16;34.95;36.44;38.78;39.71;41.24;42.05;40.23;44.13;44.25;45.59;44.7;44.92;45.67;48.23;50.2;50.03;48.26;48.62;50.44;50.72;52.89;45.69;44.02;48.15;48.83;46.36;48.81;50.53;50.09;49;51.42;55.02;64.07;65.27;65.39;62.61;65.83;73.33;75.03;69.6;75.87;78.81;84.46;84.28;90.69;96.67;99.72;103.61;105.65;112.98;116.56;114.28;115.77;;
Algeria;DZA;Food production index (2014-2016 = 100);AG.PRD.FOOD.XD;;22.43;23.36;23.34;21.02;24.18;16.4;18.07;23.11;21.48;22.07;22.99;21.05;20.04;21.54;23.56;22.13;18.51;18.67;20.99;22.76;23.2;21.39;22.35;24.02;29.53;29.69;29.97;28.58;31.79;31.08;36.53;39.02;37.34;34.79;38.88;45.69;37.28;41.78;43.84;40.87;44.02;45.47;53.29;58.19;59.76;63.06;58.12;59.06;73.12;76.45;84.49;89.77;98.04;96.95;100.26;102.79;102.87;108.6;112.16;112.31;104.62;;
East Asia & Pacific (excluding high income);EAP;Food production index (2014-2016 = 100);AG.PRD.FOOD.XD;;;;;;;;;;;;;;;;;;;;;;;;;;;;;;;;;;;;;;;;;;;;;;;;;;;;;;;;;;;;;;;;
Early-demographic dividend;EAR;Food production index (2014-2016 = 100);AG.PRD.FOOD.XD;;;;;;;;;;;;;;;;;;;;;;;;;;;;;;;;;;;;;;;;;;;;;;;;;;;;;;;;;;;;;;;;
East Asia & Pacific;EAS;Food production index (2014-2016 = 100);AG.PRD.FOOD.XD;;;;;;;;;;;;;;;;;;;;;;;;;;;;;;;;;;;;;;;;;;;;;;;;;;;;;;;;;;;;;;;;
Europe & Central Asia (excluding high income);ECA;Food production index (2014-2016 = 100);AG.PRD.FOOD.XD;;;;;;;;;;;;;;;;;;;;;;;;;;;;;;;;;;;;;;;;;;;;;;;;;;;;;;;;;;;;;;;;
Europe & Central Asia;ECS;Food production index (2014-2016 = 100);AG.PRD.FOOD.XD;;;;;;;;;;;;;;;;;;;;;;;;;;;;;;;;;;;;;;;;;;;;;;;;;;;;;;;;;;;;;;;;
Ecuador;ECU;Food production index (2014-2016 = 100);AG.PRD.FOOD.XD;;29.06;29.53;30.15;35.43;37.23;35.07;33.72;35.86;35.85;35.87;34.99;33.48;33.45;37.05;37.78;37.55;39.65;37.92;37.68;39.9;39.46;48.01;41.15;44.5;46.01;46.99;48.04;53.03;54.9;49.42;46.57;54.3;57.44;63.29;63.99;68.38;72.71;66.49;76.6;70.6;77.84;76.23;80.38;83.4;81.7;84.69;88.43;92.43;95.57;100.79;100.52;96.48;94.18;101.59;103.43;94.97;96.17;97.21;100.44;99.46;104.11;;
Egypt, Arab Rep.;EGY;Food production index (2014-2016 = 100);AG.PRD.FOOD.XD;;14.08;16.43;17.12;16.88;17.1;17.78;17.58;19.34;20.13;20.11;20.82;21.26;21.55;22.31;23.35;24.13;23.45;24.21;25.47;25.87;26.11;28.02;29.19;29.41;31.36;33.86;35.73;35.16;36.18;43.32;45.8;48.89;50.26;51.38;55.83;59.66;61.77;62.32;67.12;70.2;68.77;74.42;77.5;78.97;82.73;87.49;90.91;94.98;95.09;90;93.27;98.36;96.03;99.73;101.5;98.77;100.98;96.32;100.61;103.76;102.75;;
Euro area;EMU;Food production index (2014-2016 = 100);AG.PRD.FOOD.XD;;;;;;;;;;;;;;;;;;;;;;;;;;;;;;;;;;;;;;;;;;;;;;;;;;;;;;;;;;;;;;;;
Eritrea;ERI;Food production index (2014-2016 = 100);AG.PRD.FOOD.XD;;;;;;;;;;;;;;;;;;;;;;;;;;;;;;;;;;58.2;75.24;70.27;67.53;70;97.08;88.14;75.73;82.71;69.31;77.65;79.71;100.25;99.6;111.65;78.84;93.59;95.23;101.02;102.06;100.5;100.2;99.2;100.6;103.34;103.61;103.91;104.32;104.86;;
Spain;ESP;Food production index (2014-2016 = 100);AG.PRD.FOOD.XD;;36.61;36.15;42.76;39.31;39.47;43.39;41.02;43.94;43.52;46.53;47.34;51.29;56.65;57.52;57.76;56.6;54.13;61.75;64.47;67.2;61.25;68.47;62.22;72.09;69.64;68.54;76.74;69.86;74.29;77.78;74.33;75.99;72.75;69.07;63.48;81.24;87.56;85.04;84.67;91.77;92.26;92.13;101.12;95.06;86.07;94.4;93.73;93.49;92.44;95.48;98.63;85.87;104.22;94.5;99.39;106.11;101.65;117.74;106.66;117.57;116.91;;
Estonia;EST;Food production index (2014-2016 = 100);AG.PRD.FOOD.XD;;;;;;;;;;;;;;;;;;;;;;;;;;;;;;;;;114.08;103.34;88.56;84.1;79.84;79.67;75.73;70.86;77.71;75.05;71.25;69.62;72.74;78.03;74.47;84.53;81.4;83;79.04;83.75;89.2;92.45;97.32;111.23;91.45;99.56;84.71;106.74;107.75;98.2;;
Ethiopia;ETH;Food production index (2014-2016 = 100);AG.PRD.FOOD.XD;;;;;;;;;;;;;;;;;;;;;;;;;;;;;;;;;;29.99;29.99;33.26;38.88;39.28;36.47;39.2;39.95;42.95;48.66;50.15;53;58.25;59.76;64.27;68.21;72.65;82.52;82.47;86.36;90.74;96.9;101.08;102.02;106.69;106.1;110.36;119.21;116.31;;
European Union;EUU;Food production index (2014-2016 = 100);AG.PRD.FOOD.XD;;;;;;;;;;;;;;;;;;;;;;;;;;;;;;;;;;;;;;;;;;;;;;;;;;;;;;;;;;;;;;;;
Fragile and conflict affected situations;FCS;Food production index (2014-2016 = 100);AG.PRD.FOOD.XD;;;;;;;;;;;;;;;;;;;;;;;;;;;;;;;;;;;;;;;;;;;;;;;;;;;;;;;;;;;;;;;;
Finland;FIN;Food production index (2014-2016 = 100);AG.PRD.FOOD.XD;;87.01;85.13;92.75;92.1;96.61;91.3;92.83;92.86;96.25;97.5;98.61;96.85;92.56;95.05;99.4;107.47;97.42;99.65;101.66;105.06;97.89;105.31;111.87;109.6;106.93;107.24;94.16;98.17;105.4;109.91;99;92.7;95.8;97.28;95.59;96.71;99.55;89.88;92.14;99.55;98.59;101.94;100.2;99.46;103.24;100.37;102.67;101.33;102.47;94.33;98.43;94.73;99.5;101.04;99.53;99.43;98.01;92.95;102.16;98.55;93.54;;
Fiji;FJI;Food production index (2014-2016 = 100);AG.PRD.FOOD.XD;;77.94;92.5;105.24;106.34;97.55;95.64;94.81;113.34;108.15;115.86;107.72;97.11;100.98;93.32;93.66;96.52;109.09;112;136.92;126.17;138.67;142.29;107.21;154.25;130.94;156.59;128.37;132.45;155.35;160.16;127.97;127.95;131.9;141.26;145.56;143.06;137.09;111.09;138.55;138.1;126.34;132.8;120.3;134.51;137.44;144.97;130.53;128.75;111.21;89.29;107.2;88.4;99.95;107.57;109.42;83.01;112.77;117.9;120.46;114.48;114.98;;
France;FRA;Food production index (2014-2016 = 100);AG.PRD.FOOD.XD;;69.21;78.83;74.59;74.44;78.81;75.3;80.32;83.15;78.46;83.86;83.81;82.85;90.75;90.65;85.63;85.86;83.28;89.76;97.06;97.09;94.21;100.8;96.56;103.46;101.95;100.7;103.81;101.52;100.8;102.16;98.46;102.44;96.97;98.13;100.31;105.97;106.75;107.28;107.74;103.54;99.37;104.48;95.97;104.21;100.26;96;95.01;99.75;100.93;98.58;100.92;97.8;96.27;102.5;102.22;95.29;101.31;97.32;98.14;92.56;96.21;;
Faroe Islands;FRO;Food production index (2014-2016 = 100);AG.PRD.FOOD.XD;;12.78;12.15;13.66;11.25;10.51;88.86;85.77;86.07;82.05;76.57;82.32;85.11;84;86.74;86.52;88.9;87.68;65.02;84.08;84.9;84.9;84.9;80.63;85.67;86.38;87.1;88.81;89.14;89.2;89.65;90.95;91.56;92.92;93.77;94.01;93.21;93.82;93.12;93.09;93.71;93.9;93.98;93.94;93.64;92.6;91.39;92.86;92.76;92.79;92.69;95.28;95.6;99.35;100.85;98.4;100.75;101.18;100.62;100.96;94.06;92.28;;
Micronesia, Fed. Sts.;FSM;Food production index (2014-2016 = 100);AG.PRD.FOOD.XD;;;;;;;;;;;;;;;;;;;;;;;;;;;;;;;;16.1;16.12;16.11;16.18;73.2;73.45;73.5;73.53;73.63;73.66;73.68;73.7;73.72;71.7;69.18;66.29;68.12;65.17;66.54;65.88;80.17;83.37;85.23;100.05;99.45;100.51;101.04;101.12;101.31;101.55;101.91;;
Gabon;GAB;Food production index (2014-2016 = 100);AG.PRD.FOOD.XD;;31.09;31.5;32.26;32.66;33.13;34.02;34.67;35.68;35.83;36.97;38.1;38.67;39.69;40.3;40.81;42.18;45.65;48.76;51.13;53.26;51.65;52.99;54.84;56.44;57.28;59.52;60.11;62.44;63.3;63.13;69.82;67.57;66.04;66.95;67.91;70.61;71.8;74.74;73.98;77;75.77;77.2;77.82;77.59;78.02;78.14;80.03;83.39;85.39;88.11;92.76;91.96;96.58;99.11;100.04;100.85;102.2;103.47;103.7;104.12;105.09;;
United Kingdom;GBR;Food production index (2014-2016 = 100);AG.PRD.FOOD.XD;;66.7;69.89;69.73;71.24;73.24;72.06;74.66;74.13;74.21;77.97;79.19;80.26;81.23;84.77;80.08;78.96;85.46;88.12;89.39;92.76;90.63;95.5;95.2;101.58;97.68;98.25;97.51;95.84;96.99;99.12;98.2;100.59;97.71;98.02;98.73;97.94;97.64;97.5;97.48;95.56;88.34;93.99;91.94;92.36;93.06;92.55;90.75;94.7;92.51;94.33;96.62;90.8;92.75;100.68;101.36;97.96;102.2;99.6;103.58;97.09;98.99;;
Georgia;GEO;Food production index (2014-2016 = 100);AG.PRD.FOOD.XD;;;;;;;;;;;;;;;;;;;;;;;;;;;;;;;;;130.46;120.68;127.33;147.42;143.17;150.8;134.57;149.94;129.87;135.14;127.89;151.48;129.49;156.65;100.75;115.25;99.7;92.44;88.58;96.78;91.77;112.94;100.26;102.13;97.61;89.11;104.54;105.89;116.5;117.49;;
Ghana;GHA;Food production index (2014-2016 = 100);AG.PRD.FOOD.XD;;18.39;18.63;19.05;21.53;19.58;20.14;21.67;20.96;22.69;23.94;24.84;24.38;24.91;28.08;26.19;23.1;20.35;20.1;20.88;20.96;20.72;19.33;19.42;24.7;24.62;26.45;26.87;27.95;30.32;24.94;35.83;35.34;38.05;37.06;42.35;46.11;44.85;48.58;51.58;52.1;54.27;60.1;62.51;64.57;66.38;68.17;66.71;74.97;82.07;84.03;87.35;92.28;94.94;99.15;99.82;101.03;107.84;113.12;115.75;118.31;117.93;;
Gibraltar;GIB;Food production index (2014-2016 = 100);AG.PRD.FOOD.XD;;;;;;;;;;;;;;;;;;;;;;;;;;;;;;;;;;;;;;;;;;;;;;;;;;;;;;;;;;;;;;;;
Guinea;GIN;Food production index (2014-2016 = 100);AG.PRD.FOOD.XD;;22.56;23.12;21.54;22.8;22.45;23.85;24.86;25.14;25.05;25.68;26.66;26.04;26.21;26.39;26.9;28.24;28.34;28.37;29.57;29.85;29.96;30.17;30.55;32.31;32.49;32.53;33.2;34;35.54;37.26;39.31;41.57;42.56;44.92;46.45;47.72;49.16;50.83;52.37;55.17;55.32;58.11;60.93;63.73;66.55;68.76;71.61;75.46;75.32;81.77;86.24;89.31;93;95.75;99.95;104.31;110.36;115.04;118.71;126.52;129.8;;
Gambia, The;GMB;Food production index (2014-2016 = 100);AG.PRD.FOOD.XD;;65.96;67.38;67.49;69.94;76.29;81.64;74.92;81.49;77.31;79.81;84.52;76.45;88.37;80.98;78.91;77.23;60.95;77.1;50.3;52.12;72.76;88.27;70.47;69.48;62.68;74.01;76.53;70.13;81.1;59.66;75.65;63.04;71.11;73.61;71.78;61.6;73.85;73.31;99.28;108.95;116.98;79.75;99.09;119.6;105.72;111.18;86.12;115.3;133.71;147.47;99.71;119.78;109.59;97.75;107.67;94.58;82.07;63.48;69.98;73.4;72.5;;
Guinea-Bissau;GNB;Food production index (2014-2016 = 100);AG.PRD.FOOD.XD;;34.09;34.18;33.75;33.12;30.06;28.56;27.74;27.98;26.92;27.46;25.23;27.19;27.07;27.61;31.59;35.05;32.15;30.79;32.34;32.81;35.92;39.72;36.59;41.58;41.76;43.75;43.13;42.43;46.01;48.45;48.46;51.03;52.2;52.87;54.73;55.69;58.42;60.13;62.96;66.24;67.86;67.76;68.18;71.08;75.67;78.49;78.79;90.8;89.21;95.15;92.47;98.45;100.73;95.56;100.94;103.51;105.1;107.66;112.83;117.29;121.17;;
Equatorial Guinea;GNQ;Food production index (2014-2016 = 100);AG.PRD.FOOD.XD;;79.83;90.73;94.64;99.57;100.27;106.75;96.95;106.77;86.14;101.36;73.66;45.69;49.56;49.7;42.44;33.89;34.04;34.02;34.06;38.81;43.72;38.45;39.38;42.03;41.13;42.5;47.56;47.52;44.11;64.82;64.03;62.01;60.06;61.61;64.63;65.39;66.68;65.01;70.43;71.11;71.74;70.16;73.62;77.51;80.64;81.35;85.58;87.31;88.12;91.34;93.21;94.62;94.81;96.8;103.28;99.92;102.38;102.49;102.64;103.12;101.89;;
Greece;GRC;Food production index (2014-2016 = 100);AG.PRD.FOOD.XD;;57.93;49.48;54.69;54.73;59.32;62.68;64.03;63.55;65.1;70.87;69.74;73.54;75.87;84.07;89.32;83.91;83.19;89.27;86.38;97.84;100.6;101.29;97.67;100.96;104.39;97.24;94.96;101.8;106.77;92.05;108.45;106.22;99.44;104.68;104.96;104.83;99.2;102.31;106.61;108.2;105.58;106.71;100.86;102.13;106.7;101.82;97.77;100.84;102.53;103.01;101.08;103.29;93.64;97.2;103.65;99.15;99.76;98.37;100.63;100.36;94.99;;
Grenada;GRD;Food production index (2014-2016 = 100);AG.PRD.FOOD.XD;;87.4;95.02;101.06;97.13;121.14;121.49;130.1;134.68;135.75;133.15;121.05;114.49;110.21;108.17;108.73;126.25;124.77;126.42;132.63;122.66;134.27;117.09;109.15;122.25;109.7;117.36;130.59;112.95;110.24;113.42;109.49;107.77;114.59;120.32;110.69;108.57;106.3;103.83;110.43;109.4;100.96;117.43;104.89;107.92;58.47;70.21;71.96;71.28;72.69;77.72;81.45;82.02;84.01;95.2;103.03;101.77;94.44;96.76;91.52;91.17;94.42;;
Greenland;GRL;Food production index (2014-2016 = 100);AG.PRD.FOOD.XD;;;;;;;;;;;;;;;;;;;;;;;;;;;;;;;;;;;;;;;;;;;;;;;;;;;;;;;;;;;;;;;;
Guatemala;GTM;Food production index (2014-2016 = 100);AG.PRD.FOOD.XD;;10.39;10.74;11.54;12.03;11.76;12.06;12.79;14.16;14.85;15.69;16.04;16.79;17.48;17.68;18.65;20;20.37;20.1;18.62;20.52;21.96;23.64;23.05;23.56;24.42;24.67;26.08;27.02;30.25;32.6;32.59;33.13;34.75;36.15;40.13;41.88;42.93;45.24;44.7;45.13;50.08;54.75;55.92;58.28;59.86;62.13;68.1;68.52;74.16;73.89;76.01;81.36;86.35;96.67;100.7;102.63;100.23;103.3;101.74;105.36;104.8;;
Guam;GUM;Food production index (2014-2016 = 100);AG.PRD.FOOD.XD;;;;;;;;;;;;;;;;;;;;;;;;;;;;;;;;;;;;;;;;;;;;;;;;;;;;;;;;;;;;;;;;
Guyana;GUY;Food production index (2014-2016 = 100);AG.PRD.FOOD.XD;;47.81;48.99;43.71;50.14;50.01;51.85;51.09;47.42;53.94;51.98;55.36;49.64;48.5;58.11;56.77;52.57;58.73;61.83;53.7;55.64;57.93;56.48;49.24;51.15;49.36;51.59;48.18;46.26;43.68;39.62;47.65;52.33;55.87;60.77;71.28;73.88;76.62;69.82;75.61;69.83;73.2;72.78;78.57;77.8;67.68;70.36;71.16;70.71;76.15;77.35;82.29;81.96;93.55;91.75;110.71;97.54;105.47;110.41;109.5;112.79;105.78;;
High income;HIC;Food production index (2014-2016 = 100);AG.PRD.FOOD.XD;;;;;;;;;;;;;;;;;;;;;;;;;;;;;;;;;;;;;;;;;;;;;;;;;;;;;;;;;;;;;;;;
Hong Kong SAR, China;HKG;Food production index (2014-2016 = 100);AG.PRD.FOOD.XD;;129.36;159.14;145.46;114.18;109.55;129.92;143.4;159.05;171.65;182.05;192.51;200.74;167.49;164.49;150.63;161.51;181.3;183.66;203.48;137;221.04;214.45;211.99;199.3;206.57;189.99;192.62;195.85;177.21;154.62;134.52;95.32;103.79;72.09;82.65;84.8;88.49;92.92;102.88;103.52;104.26;95.83;110.92;103.43;107.74;110.25;114.49;97.59;114.5;101.31;92.89;96.84;104.29;97.05;96.64;106.3;99.93;111.12;210.7;247.57;219.91;;
Honduras;HND;Food production index (2014-2016 = 100);AG.PRD.FOOD.XD;;30.45;30.14;30.07;31.92;31.8;37.02;42.97;45.94;47.56;46.67;51.33;54.32;52.56;47.38;40.89;47.23;51.15;56.82;54.31;61.25;63.27;60.48;55.71;53.66;55.3;54.13;60.44;61.43;62.65;64.8;65.38;66.18;68.68;73.34;72.67;81.46;78.92;77.14;65.59;67.91;70.18;78.73;88.84;93.35;98.79;95.58;100.91;104.12;100.1;96.29;100.75;103.67;102.45;95.15;100.1;104.75;104.41;107.09;106.6;103.64;102.3;;
Heavily indebted poor countries (HIPC);HPC;Food production index (2014-2016 = 100);AG.PRD.FOOD.XD;;;;;;;;;;;;;;;;;;;;;;;;;;;;;;;;;;;;;;;;;;;;;;;;;;;;;;;;;;;;;;;;
Croatia;HRV;Food production index (2014-2016 = 100);AG.PRD.FOOD.XD;;;;;;;;;;;;;;;;;;;;;;;;;;;;;;;;;77.01;79.19;75;76.99;78.02;80.83;87.87;86.84;67.02;76.31;81.15;64.97;79.1;83.93;87.91;85.96;101.44;99;93.96;93.79;89.03;96.35;94.22;96.61;109.17;93.45;102.18;99.5;108.66;82.14;;
Haiti;HTI;Food production index (2014-2016 = 100);AG.PRD.FOOD.XD;;44.15;45.11;46.54;47.6;48.64;49.59;51.31;51.86;53.52;54.99;56.51;57.95;58.36;59.51;60.2;61.92;61.36;63.54;64.99;64.98;65.52;67.25;68.83;69.08;69.37;68.81;67.78;65.8;65.47;62.27;61.27;60.31;58.98;58.75;56.68;58.14;60.98;60.14;61.64;64.75;63.28;64.2;65.02;66.47;69.29;68.97;74.65;73.01;83.04;88.12;93.15;94.04;99.88;101.93;98.86;99.21;94.12;88.97;80.52;75.92;81.77;;
Hungary;HUN;Food production index (2014-2016 = 100);AG.PRD.FOOD.XD;;71.61;73.07;78.1;78.22;74.83;81.74;84.7;86.18;94.28;85.43;94.83;99.2;103.55;106.93;108.52;104.36;116.09;117.67;116.04;124.51;120.94;133.86;129.43;134.75;127.77;129.42;129.09;134.43;132.23;126.97;123.32;97.68;87.62;91.78;90.18;96.01;98.37;98.55;94.76;90.98;103.42;92.41;84.42;108.48;96.78;94.22;82.5;102.21;91.65;79.18;87.58;79.11;88.31;100.22;95.39;104.39;98.88;100.79;99.38;96.11;92.12;;
IBRD only;IBD;Food production index (2014-2016 = 100);AG.PRD.FOOD.XD;;;;;;;;;;;;;;;;;;;;;;;;;;;;;;;;;;;;;;;;;;;;;;;;;;;;;;;;;;;;;;;;
IDA & IBRD total;IBT;Food production index (2014-2016 = 100);AG.PRD.FOOD.XD;;;;;;;;;;;;;;;;;;;;;;;;;;;;;;;;;;;;;;;;;;;;;;;;;;;;;;;;;;;;;;;;
IDA total;IDA;Food production index (2014-2016 = 100);AG.PRD.FOOD.XD;;;;;;;;;;;;;;;;;;;;;;;;;;;;;;;;;;;;;;;;;;;;;;;;;;;;;;;;;;;;;;;;
IDA blend;IDB;Food production index (2014-2016 = 100);AG.PRD.FOOD.XD;;;;;;;;;;;;;;;;;;;;;;;;;;;;;;;;;;;;;;;;;;;;;;;;;;;;;;;;;;;;;;;;
Indonesia;IDN;Food production index (2014-2016 = 100);AG.PRD.FOOD.XD;;20.63;22.46;21.15;22.76;22.27;22.89;21.98;25.43;25.62;27.33;28.29;28.01;30.57;32.03;31.4;31.24;32.54;34.71;35.88;38.8;41.77;41.33;44.56;48.31;49.3;52.14;52.62;55.49;58.57;60.18;59.91;64.75;65.21;65.41;70.89;72.39;68.68;68.3;68.64;70.92;71.88;75.55;80.51;83.92;84.52;87.24;87.66;92.23;95.57;94.56;95.42;100.89;99.93;99.43;101.97;98.61;110.11;115.84;109.6;113.42;114.09;;
IDA only;IDX;Food production index (2014-2016 = 100);AG.PRD.FOOD.XD;;;;;;;;;;;;;;;;;;;;;;;;;;;;;;;;;;;;;;;;;;;;;;;;;;;;;;;;;;;;;;;;
Isle of Man;IMN;Food production index (2014-2016 = 100);AG.PRD.FOOD.XD;;;;;;;;;;;;;;;;;;;;;;;;;;;;;;;;;;;;;;;;;;;;;;;;;;;;;;;;;;;;;;;;
India;IND;Food production index (2014-2016 = 100);AG.PRD.FOOD.XD;;22.27;21.96;22.45;22.98;21.92;21.82;23.17;24.59;25.38;26.82;27.13;25.91;27.92;26.9;30.04;29.75;32.04;33.18;31.54;32.65;35.12;34.81;39.11;39.72;40.49;41.1;40.83;44.88;47.38;47.88;49.15;50.93;52.08;53.73;55.18;56.91;58.84;60.09;62.94;62.71;64.8;60.16;66.28;65.48;68.89;72.55;78.64;80.37;78.84;84.84;90.1;92.35;96.6;99.25;98.49;102.26;108.86;114.18;116.09;120.06;123.84;;
Not classified;INX;Food production index (2014-2016 = 100);AG.PRD.FOOD.XD;;;;;;;;;;;;;;;;;;;;;;;;;;;;;;;;;;;;;;;;;;;;;;;;;;;;;;;;;;;;;;;;
Ireland;IRL;Food production index (2014-2016 = 100);AG.PRD.FOOD.XD;;50.55;49.15;49.19;49.3;48.62;50.57;57.41;57.06;56.17;55.88;61.99;59;57.23;64.16;73.24;65.75;74.19;77.72;74.32;81.29;71.15;76.43;79.84;86.05;86.92;89.39;87.08;84.36;81.95;90.82;89.52;91.31;87.95;83.93;85.8;90.6;90.5;92.74;97.37;92.49;93.83;89.59;90.99;92.4;88.06;87.3;88.97;86.53;84.57;88.22;90.87;85.73;89.95;96.2;100.6;103.19;110.16;110.11;114.38;115.97;118.64;;
Iran, Islamic Rep.;IRN;Food production index (2014-2016 = 100);AG.PRD.FOOD.XD;;13.34;14.12;13.62;13.97;15.16;15.91;16.11;17.37;17.88;18.33;18.49;20.23;21.03;22.07;23.14;25.11;25.03;26.92;26.05;27.52;31.61;34.75;35.21;36.57;39.02;42.79;42.91;41.74;42.28;50.14;49.99;55.9;58.59;59.63;61.35;65.02;64.09;72.96;67.78;68.24;69.61;81;83.62;82.19;90.7;93.87;101.61;77.26;84.9;90.08;89.28;92.36;96.85;101.31;98.5;100.18;95.42;87.04;91.76;87.13;83.78;;
Iraq;IRQ;Food production index (2014-2016 = 100);AG.PRD.FOOD.XD;;51.23;57.6;50.47;54.06;56.74;60.37;63.98;67.19;71.55;66.38;70.71;81.48;68.22;68.2;70.37;79.63;83.37;86.97;81.98;87.45;86.48;97.1;89.97;96.03;118.09;112.91;104.01;109.88;116.8;128.13;87.71;96;112.78;110.71;114.12;115.2;112.08;119.95;112.66;110.9;126.72;141.99;113.12;109.74;118.88;119.36;115.29;104.11;104.45;119.84;130.07;131.6;145.63;138.3;80.68;81.03;78.72;77.35;123.65;149.03;123.62;;
Iceland;ISL;Food production index (2014-2016 = 100);AG.PRD.FOOD.XD;;74.65;78.78;77.02;75.98;80.67;76.82;81.4;75.82;76.07;74.23;74.19;79.62;82.28;86.72;88.42;86.8;87.77;93.4;93.99;88.11;88.4;87.86;86.08;86.67;88.41;89.55;85.19;75.24;71.22;72;73.09;71.71;68.95;70.89;70.32;68.86;69.69;71.85;75.4;78.21;77.56;80;80.74;80.83;80.59;83.19;87.92;89.22;88.84;89.48;90.46;93.72;92.91;95.52;100.06;104.42;107.98;108.07;107.04;103.56;103.82;;
Israel;ISR;Food production index (2014-2016 = 100);AG.PRD.FOOD.XD;;21.46;23.03;24.53;28.5;28.38;28.56;32.83;33.85;34.54;35.87;40.13;43.5;43.97;45.82;46.46;48.68;49.56;50.21;49.82;50.48;50.3;55.18;57.06;56.17;55.97;54.22;58.52;55.7;57.78;64.61;58.58;61.37;62.04;63.32;68.44;68.49;67.62;68.45;69.21;76.22;76.14;82.37;81.12;86.46;86.89;86.05;89.93;89.56;90.59;90.91;91.67;96.54;96.52;100.24;99.08;100.68;101.76;99.45;100.6;102.05;100.01;;
Italy;ITA;Food production index (2014-2016 = 100);AG.PRD.FOOD.XD;;86.05;86.79;86.1;90.28;93.14;95.56;101.46;98.34;101.47;101.48;100.01;93.44;102.53;103.97;104.68;100.71;103.9;106.28;113.59;118.77;114.28;110.6;123.42;112.97;113.24;113.57;117.82;110.07;112.74;105.3;113.58;114.82;111.84;110.89;110.07;113.06;110.99;111.31;119;115.2;112.89;109.62;105.8;119.09;115.37;110.56;109.17;112.33;112.32;108.58;107.84;103.52;101.77;95.58;102.55;101.88;97.96;99.17;98.46;99.93;99.64;;
Jamaica;JAM;Food production index (2014-2016 = 100);AG.PRD.FOOD.XD;;68.72;68.48;72.6;75.16;77.56;79.11;77.61;73.11;69.94;72.31;77.44;76.93;71.82;73.27;71.75;73.92;74.1;79.35;75.3;73.88;71.92;69.46;72.55;78.46;73.52;74.99;77.49;77.07;71.84;86.55;86.68;92.66;94.43;98.72;100.8;105.84;99.33;98.3;102.35;95.74;99.62;98.36;103.07;99.8;94.23;98.78;98.36;94.09;96.58;90.58;95.13;97.02;96.62;97.96;97.83;104.21;102.9;105.74;104.72;100.86;105.22;;
Jordan;JOR;Food production index (2014-2016 = 100);AG.PRD.FOOD.XD;;27.32;21.29;23;33.04;30.55;24.47;27.92;14.63;15.58;12;15.93;18.37;12.08;18.81;13.53;12.74;14.42;20.48;15.72;21.47;20.69;21.5;24.54;25.49;30.84;28.59;31.62;34.9;30.67;40.25;37.12;48.3;41.5;48.49;49.23;46.19;46.08;51.66;45.09;54.04;49.66;63.46;59.95;67.82;70.55;70.24;70.34;72.99;78.35;87.09;89.82;87.89;88.31;92.57;101.4;106.03;97.04;103.9;98.06;101.87;102.78;;
Japan;JPN;Food production index (2014-2016 = 100);AG.PRD.FOOD.XD;;72.53;76.58;77.92;80.16;81.88;83.25;88.68;93.04;92.38;92.87;90.56;96.26;95.3;96.44;99.16;96.25;104.24;104.78;107.44;102.66;103.27;106.79;107.09;110.18;112.78;113.82;113.52;110.97;111.93;110.97;108.75;112.19;104.82;110.85;107.95;105.57;105.85;101.26;102.46;101.9;99.82;100.85;97.53;98.06;99.04;97.3;99;99.45;98.11;95.92;94.81;96.65;100.82;100.81;99.76;99.44;99.84;99.49;100.39;100.45;101.2;;
Kazakhstan;KAZ;Food production index (2014-2016 = 100);AG.PRD.FOOD.XD;;;;;;;;;;;;;;;;;;;;;;;;;;;;;;;;;108.94;96.86;84.33;65.19;59.98;57.72;45.99;60.59;56.65;66.07;68.19;68.15;66.81;71.72;76.84;84.57;78.42;90.19;77.77;104.6;81.65;93.28;94.62;99.13;106.25;111.29;113.81;110.37;117.05;114.69;;
Kenya;KEN;Food production index (2014-2016 = 100);AG.PRD.FOOD.XD;;20.08;20.5;20.49;21.55;21.93;21.68;22.68;24.32;24.9;26.11;26.72;27.83;28.83;29.44;29.84;32.08;34.96;35.56;37.52;35.55;35.56;40.22;41.03;37.24;42.52;46.89;46.94;50.92;53.32;52.11;54.85;56.77;54.51;56.19;56.05;52.41;55.05;57.8;62.97;58.57;65.1;68.17;70.14;72.07;82.99;86.95;88.59;91.52;95.96;100.55;96.12;100.48;102.74;102.6;106.12;91.28;86.92;96.26;108.69;113.94;110.33;;
Kyrgyz Republic;KGZ;Food production index (2014-2016 = 100);AG.PRD.FOOD.XD;;;;;;;;;;;;;;;;;;;;;;;;;;;;;;;;;67.48;62.34;56.48;53.81;60.1;66.12;69.04;75.05;77.64;82.59;79.19;81.19;82.99;79.28;80.93;82.83;83.88;89.19;87.07;88.05;87.76;92.09;93.38;102.28;104.34;105.66;107.41;109.48;110.33;104.94;;
Cambodia;KHM;Food production index (2014-2016 = 100);AG.PRD.FOOD.XD;;22.33;20.25;24.6;25.84;24.02;23.41;24.81;30.22;25.84;34.11;26.63;21;15.29;12.21;14.31;14.04;13.07;12.17;8.84;16.1;15.47;19.33;20.59;15.89;20.25;22.45;21.14;26.74;27.84;26.81;26.5;26.73;27.78;26.79;34.74;34.95;35.77;36.26;40.65;41.74;42.34;40.47;48.1;45.9;59.49;64.7;67.97;73.93;77.58;83.42;95.63;98.82;99.61;98.32;98.3;103.38;107.55;111.42;110.22;112.52;115.25;;
Kiribati;KIR;Food production index (2014-2016 = 100);AG.PRD.FOOD.XD;;35.81;33.22;30.36;32.65;42.21;40.99;46.52;35.01;35.7;37.57;42.81;32.96;42.53;51.3;32.2;41.48;42.02;48.42;44.63;40.98;50.97;47.62;40.02;57;57.4;61.39;65.31;69.51;49.4;41.4;46;47.06;47.22;47.71;47.94;55.68;55.85;58.49;58.66;55.24;55.96;57.06;57.37;70.72;71.37;83.53;86.89;87.35;87.49;88.08;88.27;89.61;90.65;90.44;91.1;118.46;118.61;107.69;94.04;94.22;97.12;;
St. Kitts and Nevis;KNA;Food production index (2014-2016 = 100);AG.PRD.FOOD.XD;;724.36;689.51;633.51;671.82;620.77;633.72;599.03;586.59;471.16;596.35;517.75;475.65;425.47;435.83;437.57;598.25;640.75;657.92;691.29;649.41;631.48;644.74;537.86;562.67;517.98;509.61;508.14;523.66;487.59;359.46;414.03;532.09;441.49;393.14;393.94;425.36;578.71;484.81;411.63;393.88;402.09;399.23;404.95;502.14;260.57;96.62;104.59;112.51;108.17;105.37;118.81;104.85;101.97;100.99;99.72;99.29;95.34;97.24;97.08;95.22;98.5;;
Korea, Rep.;KOR;Food production index (2014-2016 = 100);AG.PRD.FOOD.XD;;24.38;23.02;25.58;30.56;30.85;32.96;30.57;31.14;35.68;35.55;36.31;36.43;37.14;39.29;45.45;50.22;53.51;58.1;61.23;52.05;57.44;59.39;61.11;63.31;66.03;68.79;69.54;73.85;75.19;74.05;73.33;80.49;80.76;81.07;85.99;89.93;92.5;91.42;95.91;96.47;96.33;92.78;90.53;91.94;92;92.64;93.36;96.33;98;93.55;89.9;93.83;98.37;101.96;99.54;98.5;97.52;100.02;101.04;99.34;102.2;;
Kuwait;KWT;Food production index (2014-2016 = 100);AG.PRD.FOOD.XD;;4.42;4.49;5.06;4.23;5.36;5.64;4.71;4.56;6.9;7.73;8.22;7.95;8.18;8.77;8.33;9.44;9.88;10.99;14.42;15.99;14.1;12.12;16.18;19.26;24.47;27.12;30.43;31.48;30.62;23;3.08;6.54;14.38;20.37;27.01;26.79;33.05;35.47;35.24;36.88;36;38.92;42.87;42.87;46.45;49.78;54.71;52.16;65.95;63.67;92.53;95.94;94.39;98.59;94.51;106.9;109.17;114.25;118.23;117.99;123.32;;
Latin America & Caribbean (excluding high income);LAC;Food production index (2014-2016 = 100);AG.PRD.FOOD.XD;;;;;;;;;;;;;;;;;;;;;;;;;;;;;;;;;;;;;;;;;;;;;;;;;;;;;;;;;;;;;;;;
Lao PDR;LAO;Food production index (2014-2016 = 100);AG.PRD.FOOD.XD;;7.85;7.65;7.77;10.02;10.21;10.56;11.3;10.93;12.11;12.18;11.33;11.33;11.73;11.94;11.71;9.81;10.23;10.67;12.52;14.81;16.06;15.69;15.95;18.26;18.97;19.67;17.89;16.39;20.66;21.93;18.86;21.89;20.31;24.05;22.13;22.43;25.31;26.48;31.85;35.48;36.81;40.88;40.23;42.11;44.57;46.14;49.56;52.38;57.21;61.28;69.18;72.59;75.16;89.86;104.54;105.6;98.73;96.56;98.87;102.79;114.45;;
Lebanon;LBN;Food production index (2014-2016 = 100);AG.PRD.FOOD.XD;;29.91;28.58;31.92;33.56;33.87;33.8;39.91;38.55;33.38;37.35;41.32;45.12;41.61;49.17;39.38;34.96;35.61;43.36;46.78;53.34;48.93;56.52;54.09;54.05;58.17;63.04;71.61;72.77;77.08;83.19;95.03;97.96;94.89;99.76;107.83;113.42;100.3;94.56;93.47;94.48;86.49;94.34;92.61;100.09;93.89;96.02;96.47;100.04;90.64;88.81;84.34;84.54;89.13;95.09;98.71;106.2;107.16;105.44;100.66;99.7;100.05;;
Liberia;LBR;Food production index (2014-2016 = 100);AG.PRD.FOOD.XD;;34.75;35.46;36.18;36.81;37.4;38.3;38.86;40.75;42;44.89;46.56;47.59;48.46;52.31;51.35;54.18;56.21;56.72;57.33;57.38;60.85;62.35;63.08;62.85;64.52;65.02;67.4;69.17;68.43;56.75;46.65;48.4;44.34;44.4;43.92;48.93;57.64;62.7;64.01;67.69;65.39;63.1;63.16;64.67;68.96;70.83;78.37;85.25;85.93;88.47;91.37;93.75;90.37;92.43;96.64;110.94;92.61;95.91;97.94;100.94;99.11;;
Libya;LBY;Food production index (2014-2016 = 100);AG.PRD.FOOD.XD;;14.36;14.99;14.55;13.9;23.19;24.68;26.69;28.23;23.63;25.24;22.03;33.55;39.58;38.29;45.59;49.41;38.26;47.73;47.54;54.01;54.81;58.66;63.15;59.9;61.82;64.72;63.1;65.17;69.47;72.1;72.68;71.4;73.19;77.26;83.93;87.75;89.65;90.76;95.45;87.76;85.97;92.14;93.77;91.08;94.03;94.92;99.14;98.19;101.65;106.05;107.44;109.34;108.66;100.24;100.66;99.1;98.12;103.27;101.89;104.33;105.93;;
St. Lucia;LCA;Food production index (2014-2016 = 100);AG.PRD.FOOD.XD;;221.8;238.4;242.48;254.32;291.57;288.73;286.4;284.26;279.57;232.97;233.23;235.52;219.3;239.75;207.87;226.85;218.72;242.86;236.51;213.16;215.47;221.98;237.94;260.81;288.78;341.76;302.19;378.67;345.53;370.51;322.02;367.04;371.49;306.09;345.55;326.76;293.07;253.2;197.82;172;143.96;171.64;147.57;140.82;113.1;120.52;123.68;141.1;136.52;107.03;108.62;95.57;99.5;101.3;101.19;97.51;99.49;103.29;98.81;86.57;75.92;;
Latin America & Caribbean;LCN;Food production index (2014-2016 = 100);AG.PRD.FOOD.XD;;;;;;;;;;;;;;;;;;;;;;;;;;;;;;;;;;;;;;;;;;;;;;;;;;;;;;;;;;;;;;;;
Least developed countries: UN classification;LDC;Food production index (2014-2016 = 100);AG.PRD.FOOD.XD;;;;;;;;;;;;;;;;;;;;;;;;;;;;;;;;;;;;;;;;;;;;;;;;;;;;;;;;;;;;;;;;
Low income;LIC;Food production index (2014-2016 = 100);AG.PRD.FOOD.XD;;;;;;;;;;;;;;;;;;;;;;;;;;;;;;;;;;;;;;;;;;;;;;;;;;;;;;;;;;;;;;;;
Liechtenstein;LIE;Food production index (2014-2016 = 100);AG.PRD.FOOD.XD;;;;;;;;;;;;;;;;;;;;;;;;;;;;;;;;;;;;;;;;;;;;;;;;;;;;;;;;;;;;;;;;
Sri Lanka;LKA;Food production index (2014-2016 = 100);AG.PRD.FOOD.XD;;30.72;32.72;34.09;36.3;33.1;33.5;37.52;39.14;38.79;41.47;41.31;40.65;40.02;45.13;47.08;47.83;48.41;51.18;59.53;64.68;61.36;58.18;65.63;61.49;63.64;63.61;55.12;58.45;55.89;60.71;58.29;58.71;62.68;67.37;69.34;61.14;63.01;64.58;67.37;68.86;66.67;67.7;70.36;67.02;73.32;74.81;74.12;82.75;81.48;89.51;85.74;90.74;99.17;89.76;105.56;104.68;83.18;105;107.94;125.88;130.31;;
Lower middle income;LMC;Food production index (2014-2016 = 100);AG.PRD.FOOD.XD;;;;;;;;;;;;;;;;;;;;;;;;;;;;;;;;;;;;;;;;;;;;;;;;;;;;;;;;;;;;;;;;
Low & middle income;LMY;Food production index (2014-2016 = 100);AG.PRD.FOOD.XD;;;;;;;;;;;;;;;;;;;;;;;;;;;;;;;;;;;;;;;;;;;;;;;;;;;;;;;;;;;;;;;;
Lesotho;LSO;Food production index (2014-2016 = 100);AG.PRD.FOOD.XD;;71.64;72.59;72.14;65.48;70.72;74.14;77.78;78.35;84.89;83.14;84.14;73.82;85.28;101.79;86.2;72.87;91.47;90.99;89.33;91.81;97.15;97.14;96.05;99.57;94.69;92.91;96.95;109.56;105.54;104.65;61.92;69.22;76.98;88.87;75.7;95.44;98.63;88.49;102.46;104.39;121.03;100.76;95.66;95.53;101.82;91.26;97.55;98.25;89.95;104.58;106.04;105.26;105.99;106.67;100.76;92.56;114.06;107.04;89.33;90.94;100.35;;
Late-demographic dividend;LTE;Food production index (2014-2016 = 100);AG.PRD.FOOD.XD;;;;;;;;;;;;;;;;;;;;;;;;;;;;;;;;;;;;;;;;;;;;;;;;;;;;;;;;;;;;;;;;
Lithuania;LTU;Food production index (2014-2016 = 100);AG.PRD.FOOD.XD;;;;;;;;;;;;;;;;;;;;;;;;;;;;;;;;;102.74;95.71;74.83;75.97;84.87;91.14;86.99;76.53;80.75;69.27;75.62;76.85;76.58;78.24;66.55;78.67;80.11;81.76;72.61;79.3;91.86;87.76;95.06;105.97;98.97;100.73;83.23;94.17;107.6;96.15;;
Luxembourg;LUX;Food production index (2014-2016 = 100);AG.PRD.FOOD.XD;;;;;;;;;;;;;;;;;;;;;;;;;;;;;;;;;;;;;;;;;87.7;89.43;94.03;91.31;96.01;90.67;89.35;89.47;91.08;92.54;91.05;91.17;89.21;91.92;96.69;102.08;101.23;104.67;111.03;110.39;113.61;112.69;;
Latvia;LVA;Food production index (2014-2016 = 100);AG.PRD.FOOD.XD;;;;;;;;;;;;;;;;;;;;;;;;;;;;;;;;;128.95;117.08;85.94;78.27;73.24;75.83;67.07;61.15;62.21;61.43;64.93;64.93;66.24;73.59;69.64;79.02;80.37;77.5;73.28;73.51;87.12;84.64;88.75;107.21;104.04;106.11;83.55;104.75;110.86;101.52;;
Macao SAR, China;MAC;Food production index (2014-2016 = 100);AG.PRD.FOOD.XD;;36.46;38.08;43.52;41.22;44.49;48.4;46.18;44.63;47.1;49.76;49.84;52.63;54.35;55.28;55.78;56.04;58.53;61.9;68.54;67.5;67.77;67.17;64.93;63.02;63.2;67.58;67.06;63.22;64.08;63.14;65.12;66.86;68.46;66.9;67.84;72.74;70.22;80.71;95.74;97.88;104.26;138.07;96.16;86.87;100.76;111.89;147.36;95.18;106.48;107.06;95.04;108.43;99.79;124.75;86.71;88.53;94.23;91.7;84.62;75.19;72.41;;
St. Martin (French part);MAF;Food production index (2014-2016 = 100);AG.PRD.FOOD.XD;;;;;;;;;;;;;;;;;;;;;;;;;;;;;;;;;;;;;;;;;;;;;;;;;;;;;;;;;;;;;;;;
Morocco;MAR;Food production index (2014-2016 = 100);AG.PRD.FOOD.XD;;17.81;20.83;22.47;22.99;25.15;22.33;23.32;32.22;26.1;26.68;30.78;29.07;27.29;30.7;28.12;30.84;26.34;31.53;33.06;32.75;30.39;36.99;32.26;34.02;37.11;44.88;42;50.45;56.16;52.31;58.77;46.08;46.31;57.86;41.61;63.32;55.39;62.53;58.75;52.87;58.1;63.21;72.82;73.29;69.01;82.05;69.26;76.5;90.53;92.86;96.26;92.34;98.53;100.05;108.1;91.86;108.46;115.69;110.16;98.63;115.66;;
Monaco;MCO;Food production index (2014-2016 = 100);AG.PRD.FOOD.XD;;;;;;;;;;;;;;;;;;;;;;;;;;;;;;;;;;;;;;;;;;;;;;;;;;;;;;;;;;;;;;;;
Moldova;MDA;Food production index (2014-2016 = 100);AG.PRD.FOOD.XD;;;;;;;;;;;;;;;;;;;;;;;;;;;;;;;;;130.43;152.72;108.28;119.88;103.96;106.93;84.58;86.1;84.32;87.96;93.1;94.67;99.27;94.33;90.06;76.82;97.74;86.21;88.2;95.32;78.97;96.62;102.1;90.67;107.23;115.78;121.4;118.65;81.45;125.01;;
Madagascar;MDG;Food production index (2014-2016 = 100);AG.PRD.FOOD.XD;;45.01;46.66;47.86;49.83;48.32;52.04;53.94;55.74;57.43;58.17;57.47;58.88;58.86;64.14;64.11;66.22;60.42;67.04;64.73;67.28;67.05;67.47;70.62;71.48;72.43;74.94;74.15;75.14;78;78.6;66.75;67.58;70.21;68.01;69.74;70.78;72.47;71.21;73.16;72.2;73.27;72.17;73.83;77.34;88.01;89.91;92.11;95.19;102.39;104.5;104.02;108.42;97.64;101.11;98.81;100.08;97.39;100.53;100.6;102.47;103.76;;
Maldives;MDV;Food production index (2014-2016 = 100);AG.PRD.FOOD.XD;;82.93;85.99;89.11;92.14;94.57;102.82;105.44;107.53;108.92;114.74;119.1;115.15;121.45;123.17;137.67;132.31;140.1;135.36;132.9;145.29;148.19;154.14;164.09;168.22;171.53;173.8;168.42;170.82;164.66;116.66;110.48;116.51;134.92;145.57;145.11;152;136.89;136.03;127.72;135.77;124.96;120.16;142.37;169.04;133.22;148.14;125.73;124.19;118.41;113.63;104.84;98.37;95.15;98.34;99.67;101.99;101.5;100.68;104.66;105.61;93.86;;
Middle East & North Africa;MEA;Food production index (2014-2016 = 100);AG.PRD.FOOD.XD;;;;;;;;;;;;;;;;;;;;;;;;;;;;;;;;;;;;;;;;;;;;;;;;;;;;;;;;;;;;;;;;
Mexico;MEX;Food production index (2014-2016 = 100);AG.PRD.FOOD.XD;;18.66;20.09;20.76;22.49;24.42;26.37;26.78;27.5;27.97;29.26;30.21;31.8;32.9;33.3;35.63;36.06;39.16;42.6;41.19;44.97;48.44;48.29;50.27;50.37;52.65;54.49;54.72;52.57;51.14;55.36;54.94;56.2;57.75;59.65;62.25;63.83;65.23;68.57;70.9;71.85;76.07;76.04;78.52;80.52;79.97;83.79;85.88;88.17;86.11;88.7;87.2;91.9;94.4;97.32;98.41;104.27;108.04;110.48;111.92;112.81;114.21;;
Marshall Islands;MHL;Food production index (2014-2016 = 100);AG.PRD.FOOD.XD;;;;;;;;;;;;;;;;;;;;;;;;;;;;;;;;95.83;133.33;104.17;110.42;175;147.92;137.5;97.92;77.08;19.33;17;59.33;137.33;85;97.92;120.83;101;130.67;119.33;113.33;98.33;110;116.67;83.33;90;126.67;126.67;80;90.04;90.04;95.42;;
Middle income;MIC;Food production index (2014-2016 = 100);AG.PRD.FOOD.XD;;;;;;;;;;;;;;;;;;;;;;;;;;;;;;;;;;;;;;;;;;;;;;;;;;;;;;;;;;;;;;;;
North Macedonia;MKD;Food production index (2014-2016 = 100);AG.PRD.FOOD.XD;;;;;;;;;;;;;;;;;;;;;;;;;;;;;;;;;84.62;64.92;74.51;75.93;76.98;77.12;78.42;81.19;82.02;73.62;67.8;75.4;83.96;83.48;85.98;86.91;92.88;93.23;95.96;93.52;90.37;95.38;93.13;102.82;104.05;83.63;101.51;95.69;102.73;94.64;;
Mali;MLI;Food production index (2014-2016 = 100);AG.PRD.FOOD.XD;;18.56;19.32;19.9;19.94;21.21;21.44;22.69;22.14;24.16;24.18;23.45;20.63;18.89;21.58;24.56;25.18;25.22;26.64;26.75;27.58;30.98;31.9;31.28;27.71;29.19;31.23;30.41;35.37;35.25;35.11;40.15;36.44;38.38;40.65;39.4;40.08;39.69;42.81;46.12;42.74;44.28;44;51.95;49.59;56.13;56.84;66.48;76.8;83.77;80.17;87.96;87.28;90.94;89.03;98.09;112.88;113.15;123.8;127.61;136.85;126.32;;
Malta;MLT;Food production index (2014-2016 = 100);AG.PRD.FOOD.XD;;65.28;64.17;66.33;63.85;63.8;61.31;64.2;73.94;77.11;74.03;77.91;80.43;83.86;78.73;83.35;83.28;87.27;85.86;84.4;83.39;85.48;82.18;91.42;91.04;97.03;96.02;93.96;94.17;96.38;95.89;100.29;109.34;110.24;118.02;114.45;130.88;122.72;128.08;125.83;121.06;119.82;118.38;116.34;113.58;109.2;115.33;109.81;118;107.45;108.59;105.2;100.22;101.5;104.36;99.3;96.34;95.03;80.8;73.71;77.73;76.43;;
Myanmar;MMR;Food production index (2014-2016 = 100);AG.PRD.FOOD.XD;;14.32;15.94;16.57;17.29;16.87;14.89;16.53;17.36;17.29;17.9;18.35;17.3;18.81;19.06;19.92;20.25;20.78;22.65;22.94;26.72;28.88;30.34;31.07;31.79;32.6;32.69;31.88;31.03;29.67;29.33;28.51;32.14;34.85;37.37;38.42;39.64;38.66;40.07;46.6;50.54;53.51;55.47;60.23;65.06;72.65;81.42;86.02;91.89;95.44;98.21;94.56;93.89;98.23;97.97;101;101.03;101.62;80.24;79.94;79.83;78.43;;
Middle East & North Africa (excluding high income);MNA;Food production index (2014-2016 = 100);AG.PRD.FOOD.XD;;;;;;;;;;;;;;;;;;;;;;;;;;;;;;;;;;;;;;;;;;;;;;;;;;;;;;;;;;;;;;;;
Montenegro;MNE;Food production index (2014-2016 = 100);AG.PRD.FOOD.XD;;;;;;;;;;;;;;;;;;;;;;;;;;;;;;;;;;;;;;;;;;;;;;;158.52;115.28;108.09;99.03;95.35;109.47;93.17;100.74;93.8;97.94;108.26;97.54;101.1;97.68;101.91;99.35;;
Mongolia;MNG;Food production index (2014-2016 = 100);AG.PRD.FOOD.XD;;55.13;51.81;46.91;47.74;50.76;53.85;55.98;52.06;51.91;53.67;53.53;56.1;57.53;61.69;69.31;64.7;61.06;68.28;67.25;63.49;65.12;67.95;71.03;69.49;70.16;75.47;72.98;70.24;74.67;73.78;74.62;66.78;59.23;55.46;57.27;66.62;63.32;70.13;76.71;74.13;57.92;53.57;45.27;55.44;51.69;50.89;55.47;63.52;79.04;62.12;68.69;73.61;81.44;83.81;110.54;105.65;107.14;126.34;131.33;168.72;129.65;;
Northern Mariana Islands;MNP;Food production index (2014-2016 = 100);AG.PRD.FOOD.XD;;;;;;;;;;;;;;;;;;;;;;;;;;;;;;;;;;;;;;;;;;;;;;;;;;;;;;;;;;;;;;;;
Mozambique;MOZ;Food production index (2014-2016 = 100);AG.PRD.FOOD.XD;;31.53;32.23;33.38;34.5;34.38;34.2;35.65;38.99;38.91;40.68;43.07;44.03;46.64;45.28;41.88;40.32;40.24;39.2;40.01;40.9;41.1;40.1;38.84;38.22;38.57;39.23;38.37;38.73;39.73;41.99;43.43;39.25;45.12;45.69;54.4;59.76;63;65.63;67.61;64.31;67.16;59.31;74.77;76.35;72.36;80.06;81.97;77.89;95.52;108.85;115.66;113.08;105.63;102.81;97.36;99.83;114.81;133.88;135.03;135.75;139.77;;
Mauritania;MRT;Food production index (2014-2016 = 100);AG.PRD.FOOD.XD;;45.62;46.53;47.97;49.5;51.1;51.75;52.63;54.75;53.25;53.07;51.81;49.5;43.92;41.88;43.13;47.12;50.06;52.43;53.28;56.07;57.77;56.06;53.52;52.06;56.16;56.9;58.11;59.65;63.01;64.99;53.15;51.49;49.25;52.71;54.68;58.18;60.18;62.02;64.01;70.26;70.21;73.68;76.33;76.68;78.97;78.44;79.24;78.02;78.17;86.37;86.6;93.23;94.88;98.29;100.31;101.4;103.34;107.07;104.4;105.94;111.75;;
Mauritius;MUS;Food production index (2014-2016 = 100);AG.PRD.FOOD.XD;;76.42;73.43;89.92;70.1;92.87;77.16;91.42;82.18;91.01;80.52;83.38;97.38;96.93;94.17;71.13;100.7;95.72;97.39;99.61;75.02;85.66;104.13;86.42;83.52;92.03;99.05;101.91;93.47;93.35;96.67;97.16;101.9;98.91;92;99.51;100.41;108.69;106.1;82.97;102.14;116.25;102.73;108.57;112.16;105.87;104.82;99.19;103.18;107.87;106.18;104.59;102;100.33;102.64;100.23;97.13;97.57;89.19;94.19;80.4;83.23;;
Malawi;MWI;Food production index (2014-2016 = 100);AG.PRD.FOOD.XD;;8.89;9.39;9.23;9.85;10.14;10.51;12.31;11.74;12.08;11.34;13.52;14.15;15.02;15.06;14.62;15.6;16.69;16.97;16.63;16.59;17.54;18.38;16.95;17.28;17.1;18.21;18.06;18.67;18.1;17.91;19.64;15.47;20.64;17.25;20.13;23.9;23.3;28;33.18;39.09;42.82;32.57;37.7;38.94;34.14;46.13;53.76;54.69;62.6;64.18;68.47;73.6;85.95;102.82;99.41;97.77;117.13;124.23;130.68;135.23;141.74;;
Malaysia;MYS;Food production index (2014-2016 = 100);AG.PRD.FOOD.XD;;19.23;19.52;20.38;20.2;22.13;21.88;22.48;25.02;26.95;28.6;29.35;30.12;30.29;32.28;34.11;35.51;34.48;32.96;37.46;37.24;37.63;37.95;38.31;38.14;41.47;43.11;45.65;48.89;52.81;57.41;57.6;60.89;64.06;65.35;64.95;64.84;64.46;63.48;61.03;60.81;62.4;64.67;65.6;68.31;70.51;71.1;73.35;74.7;77.16;82.68;85.17;88.83;92.72;92.56;102.51;104.92;102.37;100.67;97.45;100.73;99.85;;
North America;NAC;Food production index (2014-2016 = 100);AG.PRD.FOOD.XD;;;;;;;;;;;;;;;;;;;;;;;;;;;;;;;;;;;;;;;;;;;;;;;;;;;;;;;;;;;;;;;;
Namibia;NAM;Food production index (2014-2016 = 100);AG.PRD.FOOD.XD;;89.62;77.7;95.91;97;95.08;89.42;104.33;110.41;107.63;117.62;127.8;142.77;147.42;150.65;99.95;109.9;104.42;114.03;118.98;126.69;129.59;100.24;85.74;89.17;96.54;100.68;108.7;109.26;118.55;112.73;81.35;73.42;76.54;79.74;74.98;75.88;69.08;73.03;86.78;106.96;95.88;93.92;98.8;93.57;94.26;96.96;96.02;96.63;97.4;99.53;100.37;104.05;100.6;102.42;99.79;97.79;104.94;102.38;97.48;103.75;105.58;;
New Caledonia;NCL;Food production index (2014-2016 = 100);AG.PRD.FOOD.XD;;74.11;74.95;76.33;79.59;81.81;81.79;77.41;82.4;76.33;75.32;80.47;84.29;80.58;67.4;69.27;61.54;69.12;68.52;69.18;75.2;68.9;69.99;75.44;74.22;82.62;78.5;70.54;69.79;69.33;72.31;75.27;79.2;82.65;87.3;84.97;86.95;82.49;83.91;85.06;85.26;86.67;87.22;87.07;91.42;86.64;82.77;83.4;84.38;81.6;85.66;85.58;91.06;86.68;91.25;110.56;98.18;97.01;97.37;100.6;101.76;98.28;;
Niger;NER;Food production index (2014-2016 = 100);AG.PRD.FOOD.XD;;18.67;21;22;22.02;22.23;23.64;25.83;24.15;26.23;25.23;25.76;25.48;19.21;22.09;20.64;24.39;29.33;30.2;30.44;33.07;32.58;32.68;32.58;25.41;26.02;28.32;26.47;33.21;31.84;35.29;35.94;38.37;37.67;38.7;39.28;43.37;41.45;53.57;53.79;38.4;46.69;51.93;52.53;48.23;57.65;62.33;63.41;76.42;65.38;85.5;75.43;84.95;84.43;90.15;101.51;108.34;110.84;119.81;118.78;129.37;113.88;;
Nigeria;NGA;Food production index (2014-2016 = 100);AG.PRD.FOOD.XD;;18.31;19.25;20.15;20.74;21.63;20.75;22.06;22.51;24.98;26.73;24.29;21.65;22.69;25.26;23.68;22.54;22.11;21.9;22.26;23.75;23.83;24.66;25.12;26.53;28.48;29.9;30.52;34.54;37.98;39.91;44.73;48.07;51.05;52.92;54.86;57.4;59.74;63.26;66.09;66.62;66.42;69.87;72.88;77.72;82.07;87.34;81.39;86.65;76.29;86.06;80.1;87.87;85.31;96.24;98.5;105.26;107.27;111.74;107.48;106.28;108.05;;
Nicaragua;NIC;Food production index (2014-2016 = 100);AG.PRD.FOOD.XD;;19.72;20.09;21.55;22.79;22.83;24;26.31;28.87;30.97;33.19;33.61;33.99;34.24;34.05;38.86;41.36;43.57;46.52;50.71;34.78;31.82;34.25;33.66;34.57;32.69;31.84;29.29;29.24;32.61;35.05;35.67;36.89;38.62;39.72;41.62;43.55;43.6;45.48;49.99;56.14;56.39;59.08;66.55;65.35;70.37;72.13;74.2;76.48;82.66;84.36;90.16;95.73;98.81;98.49;97.16;104.35;114.81;114.25;115.37;120;123.81;;
Netherlands;NLD;Food production index (2014-2016 = 100);AG.PRD.FOOD.XD;;43.5;45.41;45.64;46;44.84;46.72;51.58;53.39;54;59.09;60.91;60.09;62.57;67.61;67.21;68.47;70.79;75.29;77.95;79.89;82.84;85.52;85.29;89.57;90.21;92.79;92;91.31;89.44;93.16;88.72;94.02;94;90.76;91.93;93.58;88.72;90.17;94.91;93.95;87.44;87.2;81.57;86.74;85.15;83.27;85.92;87.38;89.82;89.65;93.16;90.81;93.41;96.63;101.11;102.26;102.47;96.11;100.83;102.44;103.75;;
Norway;NOR;Food production index (2014-2016 = 100);AG.PRD.FOOD.XD;;80.46;79.16;83.4;78.58;81.37;81.9;80.41;85.75;83.05;83.1;82.63;83.05;84.84;91.03;83.13;84.76;90.06;92.43;90.21;94.55;95.99;99.59;95.75;99.48;97.45;94.59;98.28;98.1;97.46;102.03;94.07;92.36;96.36;92.64;93.63;95.02;95.2;95.37;94.48;92.64;91.32;90.73;92.37;96.48;94.17;94.32;94.63;99.86;95.63;97.39;93.73;94.84;95.62;98.85;100.13;101.03;101.35;96.64;101.62;101.36;102.29;;
Nepal;NPL;Food production index (2014-2016 = 100);AG.PRD.FOOD.XD;;21.56;21.78;22.19;22.55;23.19;22.29;23.01;23.62;24.43;25.2;25.38;24.48;26.89;27.67;28.86;28.45;28.23;29.14;28.16;30.71;32.2;29.96;36.58;36.75;37.82;36.55;40.79;44.21;46.43;48.59;47.79;45.66;50.77;49.34;53.48;53.46;55.36;56.15;58.26;61.57;63.7;65.31;67.64;70.39;71.96;73.03;72.55;77.74;81.59;82.32;88.87;97.14;94.12;99.16;99.25;101.59;106.38;108.08;114.04;120.43;122.25;;
Nauru;NRU;Food production index (2014-2016 = 100);AG.PRD.FOOD.XD;;44.09;44.21;44.34;45.54;51.12;51.25;52.16;52.41;56.11;57.35;58.59;59.09;61.27;63.88;66.71;46.24;56.46;61.29;65.72;70.34;75.52;77.89;75.61;69.17;73.21;75.45;77.62;79.4;80.23;82.54;73.66;76.01;77.67;78.96;80.42;81.45;82.7;83.95;85.2;86.49;87.7;88.94;90.19;91.42;92.64;93.94;95.91;97.66;98.61;99.92;95.91;102.25;104.71;99.27;99.96;100.76;99.49;100.11;100.57;101.11;101.83;;
New Zealand;NZL;Food production index (2014-2016 = 100);AG.PRD.FOOD.XD;;34.97;36.68;37.2;38.59;38.53;39.59;41.21;43.92;45.64;44.7;45.26;47.08;47.15;43.24;46.68;51.97;50.06;49.14;48.94;50.64;52.71;53.67;55.64;55.87;60.29;57.83;58;59.68;57.79;55.43;56.58;60.17;59.78;64.52;64.58;67.08;69.97;71.38;66.45;72.54;75.37;75.58;79.21;83.13;81.58;82.27;84.66;84.84;85.75;85.97;85.91;90.36;92.85;98.86;101.16;99.99;98.07;102.03;101.71;102.86;103.55;;
OECD members;OED;Food production index (2014-2016 = 100);AG.PRD.FOOD.XD;;;;;;;;;;;;;;;;;;;;;;;;;;;;;;;;;;;;;;;;;;;;;;;;;;;;;;;;;;;;;;;;
Oman;OMN;Food production index (2014-2016 = 100);AG.PRD.FOOD.XD;;9.32;9.43;9.52;9.63;9.72;9.82;9.94;10.07;10.98;11.13;11.46;12.1;12.91;13.15;14.03;15.15;16.66;18.22;20.06;22.09;25.18;29.59;31.36;30.62;30.29;33.06;33.36;34.63;35.86;36.65;39.8;41.53;45.06;46.63;47.6;48.99;50.41;57.17;64.05;62.21;65.21;57.59;55.45;64.62;67.66;66.44;70.93;72.28;72.42;84.13;78.79;88.14;100.73;91.18;100.77;108.04;124.71;134.13;127.88;147.29;143.95;;
Other small states;OSS;Food production index (2014-2016 = 100);AG.PRD.FOOD.XD;;;;;;;;;;;;;;;;;;;;;;;;;;;;;;;;;;;;;;;;;;;;;;;;;;;;;;;;;;;;;;;;
Pakistan;PAK;Food production index (2014-2016 = 100);AG.PRD.FOOD.XD;;14.19;14.94;15.5;15.92;16.65;16.66;17.78;19.24;19.8;20.58;20.54;21.13;21.96;22.79;23.35;24.62;25.67;26.06;27.09;27.51;29.23;30.3;31.26;31.97;32.85;35.61;36.81;37.41;40.35;41.46;42.81;44.84;48.13;49.81;53.53;54.29;55.35;58.36;59.25;60.63;59.09;60.3;62.95;65.19;68.38;69.89;73.83;77.46;78.67;79.29;83.58;83.64;103.52;98.12;100.15;101.73;108.4;107.09;113.59;119.78;126.52;;
Panama;PAN;Food production index (2014-2016 = 100);AG.PRD.FOOD.XD;;35.56;37.09;38.2;39.53;41.41;42.1;44.03;54.69;57.73;55.01;58.2;57.71;58.39;60.27;63.26;64.29;68.02;67.89;67.69;65.29;67.58;70.43;70.62;71.04;72.05;68.22;76.7;73.19;76.04;77.14;73.98;73.87;74.53;74.61;77.49;78.42;77.48;78.57;80.39;78.34;79.86;80.58;81.6;80.11;81.14;86.27;90.9;90.77;87.28;88.8;92.19;95.83;97.94;99.37;99.86;100.76;103.16;107.68;110.16;108.7;111.18;;
Peru;PER;Food production index (2014-2016 = 100);AG.PRD.FOOD.XD;;19.14;19.7;19.42;21.4;21.65;23.45;24.21;22.54;24.91;26.99;27.75;26.46;26.47;27.52;27.51;28.01;28.21;26.93;26.76;25.34;28.05;29.45;27.97;29.95;29.86;30.68;33.96;35.67;34.28;31.61;33.09;31.21;33.79;37.56;40.3;43.64;47.18;47.43;53.15;55.32;54.95;58.34;60.02;59.46;63.82;68.25;70.71;76.56;79.17;83.03;85.25;90.67;94.45;98.08;98.97;102.96;102.85;110.94;115.72;118.02;122.48;;
Philippines;PHL;Food production index (2014-2016 = 100);AG.PRD.FOOD.XD;;22.22;23.65;24.63;25.03;25.48;26.35;26.75;26.96;28.4;29.57;30.76;30.39;31.92;35.19;38.09;40.94;41.91;43.29;44.81;46.53;47.34;48.7;45.44;46.37;46.92;50.3;49.59;49.91;52.4;57.42;57.41;57.3;59.27;61.84;61.52;66.44;66.53;61.16;67.44;69.64;72.32;74.6;76.97;79.23;80.72;83.79;88.83;92.65;92.38;91.32;95;98.34;98.65;100.57;100.77;98.66;102.03;101.66;101.27;100.69;100.25;;
Palau;PLW;Food production index (2014-2016 = 100);AG.PRD.FOOD.XD;;;;;;;;;;;;;;;;;;;;;;;;;;;;;;;;;;;;;;;;;;;;;;;;;;;;;;;;;;;;;;;;
Papua New Guinea;PNG;Food production index (2014-2016 = 100);AG.PRD.FOOD.XD;;30.77;31.85;32.58;33.53;34.15;35.44;36.11;37.15;38.28;39.27;40.17;41.27;41.33;43.84;44.15;45.17;45.68;46.65;46.86;48.4;49.08;49.73;50.77;52.63;54.02;54;55.39;56.71;56.88;57.23;57.84;60.27;61.89;61.65;62.8;65.34;66.7;67.55;70.32;72.07;71.73;74.29;75.83;77.26;78.99;82.34;87.52;88.31;89.73;88.25;91.29;92.52;94.62;99.49;99.81;100.7;101.24;102.71;102.51;102.58;103.43;;
Poland;POL;Food production index (2014-2016 = 100);AG.PRD.FOOD.XD;;91.37;83.09;90.24;93.71;92.56;98.56;101.41;105.29;100.48;104.33;98.18;108.25;115.77;116.69;114.21;118.69;109.86;118.97;118.41;96.81;106.11;101.44;105.66;112.27;111.72;118.09;113.03;113.5;116.02;118.4;108.32;93.41;105.85;88.18;96.32;98.57;93.01;101.65;94.11;93.25;94.17;91.17;88.02;94.52;88.53;86.26;92.53;92.97;95.78;91.2;93.24;96.02;95.19;101.75;96.53;101.72;106.19;102.97;101.87;112.2;110.99;;
Pre-demographic dividend;PRE;Food production index (2014-2016 = 100);AG.PRD.FOOD.XD;;;;;;;;;;;;;;;;;;;;;;;;;;;;;;;;;;;;;;;;;;;;;;;;;;;;;;;;;;;;;;;;
Puerto Rico;PRI;Food production index (2014-2016 = 100);AG.PRD.FOOD.XD;;242.52;234.64;249.18;246.81;242.66;253.46;236.72;214.55;205.61;206.09;194.45;192.73;183.42;182.52;182.71;190.89;190.55;196.84;197.94;183.07;179.22;170.18;167.74;165.42;164.39;173.35;185.63;185.75;184.15;174.79;182.31;174.52;168.8;160.09;153.08;146.85;144.81;145.78;129.99;145.18;136.63;134.72;130.24;138.56;125.51;123.87;122.07;121.81;119.86;117.62;118.47;110.66;105.99;98.55;102.3;99.15;95.57;96.77;93.03;96.02;94.15;;
Korea, Dem. People's Rep.;PRK;Food production index (2014-2016 = 100);AG.PRD.FOOD.XD;;40.06;41.72;44.37;46.15;43.49;46.14;45.12;45.19;50.26;51.32;54.59;55.2;59.5;63.45;67.7;70.98;74.96;77.15;79.96;78.94;84.48;78.57;81.9;86.91;89.25;94.38;95.93;97.12;100.18;100.94;119.94;114.28;109.79;98.73;76.26;69.83;71.81;85.35;87.5;86.28;96.29;98.01;99.79;101.4;103.18;101.69;94.13;100.08;98.92;99.19;100.36;102.95;104.78;103.24;98.49;98.27;95.17;92.57;102.59;94.54;92.34;;
Portugal;PRT;Food production index (2014-2016 = 100);AG.PRD.FOOD.XD;;71.38;78.37;82.61;77.33;84.67;67.52;79.31;78.2;75.86;83.51;74.14;75.86;79.81;84.67;78.21;74.9;67.8;71.14;85.06;77.05;71.75;85.27;72.5;78.81;80.1;82.77;90.4;71.96;90.27;96.89;101.88;90.83;89.47;90.88;93.16;98.82;93.89;88.16;100.8;93.18;93.32;95.64;92.54;98.88;92.35;94.55;89.97;93.54;95.98;97.01;92.88;91.77;94.28;93.67;107.53;98.8;110.24;101.9;111.67;107.92;127.77;;
Paraguay;PRY;Food production index (2014-2016 = 100);AG.PRD.FOOD.XD;;12.45;12.21;12.17;14.04;15.02;14.68;15.16;15.27;15.25;16.68;16.43;16.15;15.85;16.94;16.51;17.81;19.95;19.89;20.89;21.16;22.39;23.54;24.47;25.95;27.88;26.11;29.3;32.03;35.22;35.63;31.66;33.63;36.64;34.97;37.27;39.15;43.76;45.15;44.63;41.31;47.28;48.63;53.94;52.94;54.51;58.42;68.02;66.9;57.92;80.39;84.42;62.4;92.89;99.6;98.81;101.59;110.54;110.22;102.31;117.12;110.43;;
West Bank and Gaza;PSE;Food production index (2014-2016 = 100);AG.PRD.FOOD.XD;;;;;;;;;;;;;;;;;;;;;;;;;;;;;;;;;;;99.19;116.57;122.49;114.18;123.07;113.23;141.6;124.14;152.04;139.44;149.27;142.48;147.09;130.14;137.74;119.73;101.52;109.9;117.04;112.36;103.43;90.42;106.16;101.25;103.58;123.93;98.54;104.46;;
Pacific island small states;PSS;Food production index (2014-2016 = 100);AG.PRD.FOOD.XD;;;;;;;;;;;;;;;;;;;;;;;;;;;;;;;;;;;;;;;;;;;;;;;;;;;;;;;;;;;;;;;;
Post-demographic dividend;PST;Food production index (2014-2016 = 100);AG.PRD.FOOD.XD;;;;;;;;;;;;;;;;;;;;;;;;;;;;;;;;;;;;;;;;;;;;;;;;;;;;;;;;;;;;;;;;
French Polynesia;PYF;Food production index (2014-2016 = 100);AG.PRD.FOOD.XD;;101.28;114.14;110.95;108.19;98.34;98.52;92.77;89.3;115.37;110.57;103.48;95.44;80.57;75.82;107.79;100.09;88.83;83.36;88.48;106.05;94.64;103.48;76.17;70.72;91.54;91.41;92.26;84.72;86.39;94.09;86.24;84.5;84.95;85.11;90.76;86.13;86.54;73.31;80.64;87.34;86.84;92.9;92.65;93.51;101.18;99.15;101.36;99.5;95.33;97.21;98.14;99.24;93.89;95.7;101.52;102.78;101.88;103.96;103.45;103.43;103.65;;
Qatar;QAT;Food production index (2014-2016 = 100);AG.PRD.FOOD.XD;;6.49;7.26;7.78;8.26;8.72;9.36;10.08;11.12;11.91;11.78;12.92;13.46;6.88;6.94;6.56;6.2;14.21;16.53;18.48;17.22;20.32;21.18;21.69;23.2;24.17;26.87;27.86;29.53;36.04;38.98;51.57;57.1;57.39;58.48;66.2;70.26;78.64;65.16;70.54;74.46;56.23;65.08;58.93;61.22;58.65;61.73;71.3;62.59;71.62;70.08;74.74;79.41;97.41;81.18;112.93;105.89;105.67;140.41;136.75;158.52;162.02;;
Romania;ROU;Food production index (2014-2016 = 100);AG.PRD.FOOD.XD;;63.78;59.67;60.44;60.99;65.74;76.93;76.36;77.38;77;69.55;82.42;91.06;89.51;90.89;92.04;110.88;110.44;110.58;117.8;109.17;110.03;121.75;116.96;129.78;119.82;117.9;106.47;110.31;104.66;98.95;98.68;86.72;100.03;96.69;100.38;95.15;101.66;88.95;94.17;80.05;94.15;87.81;96.73;112.32;98.29;97.39;76.58;94.59;92.38;92.32;102.81;79.6;98.45;103.07;96.09;100.84;115.92;118.69;112.45;87.27;106.43;;
Russian Federation;RUS;Food production index (2014-2016 = 100);AG.PRD.FOOD.XD;;;;;;;;;;;;;;;;;;;;;;;;;;;;;;;;;103.29;97.59;85.87;79.85;77.08;78.92;64.99;65.17;69.17;73.8;75.71;73.09;75.48;75.95;77.05;78.77;87.88;86.66;73.9;91.44;84.81;92.6;97.58;100.04;102.38;107.41;104.68;109.98;111.93;111.47;;
Rwanda;RWA;Food production index (2014-2016 = 100);AG.PRD.FOOD.XD;;27.76;37.7;26.78;26.53;29.59;32.12;39.38;38.88;41.25;43.18;44.01;43.53;45.45;44.2;49.13;51.87;53.99;54.97;58.97;59.61;65.33;68.35;67.43;61.24;72.51;66.64;66.52;64.94;74.08;68.62;78.13;82.25;59.32;42.59;48.69;54.71;57.4;63.84;69.99;76.87;74.97;92.89;85.86;85.71;91.52;94.92;95.63;97.9;110.6;107.43;114.44;126.12;131.36;97.98;100.64;101.38;114.22;108.34;122.72;124.95;129.24;;
South Asia;SAS;Food production index (2014-2016 = 100);AG.PRD.FOOD.XD;;;;;;;;;;;;;;;;;;;;;;;;;;;;;;;;;;;;;;;;;;;;;;;;;;;;;;;;;;;;;;;;
Saudi Arabia;SAU;Food production index (2014-2016 = 100);AG.PRD.FOOD.XD;;10.92;10.72;10.86;11.09;11.76;11.85;12.55;10.97;13.07;14.4;19.83;12.62;15.99;22.7;23.69;20.57;23.51;23.05;25.29;24.65;24.86;32.56;38.26;47.88;54.84;58.65;64.1;69.53;70.81;75.97;74.11;77.4;78.68;79.11;73.55;70.94;78.09;81.07;76.3;79.26;90.05;87.47;91.11;96.17;97.5;99.05;100.26;101.28;97.85;101.25;97.53;94.5;104.02;91.5;101.49;107.01;121.02;126.72;137.09;157.4;158.96;;
Sudan;SDN;Food production index (2014-2016 = 100);AG.PRD.FOOD.XD;;;;;;;;;;;;;;;;;;;;;;;;;;;;;;;;;;;;;;;;;;;;;;;;;;;;;81.04;94.64;103.31;91.73;104.96;101.73;117.6;114.97;115.54;113.66;;
Senegal;SEN;Food production index (2014-2016 = 100);AG.PRD.FOOD.XD;;41.58;42.26;45.65;44.96;48.37;44.81;48.86;40.58;43.33;34.24;47.88;32.75;37.82;48.56;60.37;54.16;33.33;53.85;39.66;35.47;51.8;51.26;36.07;36.83;46.56;51.34;56.84;48.66;55.07;49.88;52.22;47.57;52.31;52.62;57.87;51.62;48.24;48.78;69.15;68.41;64.39;43.48;59.24;59.58;68.29;58.14;52.43;79.33;87.75;96.04;67.66;81.15;80.94;84.28;110.06;105.65;132.78;152.97;152.2;181.33;177.74;;
Singapore;SGP;Food production index (2014-2016 = 100);AG.PRD.FOOD.XD;;329.62;328.43;325.39;329.94;351.85;367.09;371.74;403.12;510.39;509.02;583.18;667.95;663.62;672.68;746.81;820.72;831.86;816.75;827.52;849.89;804.14;772.57;775.96;767.15;658.28;594.53;525.59;398.82;392.34;380.62;321.57;263.38;172.59;129.02;127.93;102.91;140.5;123.12;131.61;57.18;58.11;76.67;83.95;94.7;74.47;77.6;80.52;73.76;73.71;76.05;83.75;87.43;96.5;95.25;99.27;105.48;133.2;112.51;123.76;123.62;112.25;;
Solomon Islands;SLB;Food production index (2014-2016 = 100);AG.PRD.FOOD.XD;;43.54;44.1;45.67;47;47.48;46.93;48.01;45.84;50.27;54.84;56.26;55.07;56.35;57.56;58.92;60.96;62.11;64.13;71.74;72.26;77.63;76.09;76.25;87.62;90.65;91.46;73.31;74.43;75.36;74.48;80.97;82.44;80.9;82.73;92.16;94.57;98.68;101.08;94.94;94.27;90.02;92.27;95.75;109.79;124.85;125.96;135.67;141.08;136.12;96.56;98.58;96.48;98.49;99.84;100.59;99.58;100.37;101.26;100.05;100.68;102.23;;
Sierra Leone;SLE;Food production index (2014-2016 = 100);AG.PRD.FOOD.XD;;19.83;21.57;21.85;23.24;24.11;25.03;26.25;25.06;27.4;26.07;26.22;26.84;27.07;28.07;29.64;30.1;30.88;31.83;29.02;29.75;30.06;32.1;30.4;31.9;30.59;34.05;33;33.91;35.11;35.44;37;34.83;35.3;35.49;33.56;35.04;36.32;33.71;29.91;27.2;30.85;37.39;54.78;61.09;61.34;75.43;64.87;69.73;86.98;98.2;104.61;107.49;112.87;110.06;96.32;93.62;84.46;88.63;78.18;91.46;130.16;;
El Salvador;SLV;Food production index (2014-2016 = 100);AG.PRD.FOOD.XD;;27.09;29.02;29.58;29.02;31.55;34.63;35.2;35.7;36.2;38.54;40.9;39.93;44.5;46.84;50.4;51.91;51.85;58.54;58.23;55.29;51.03;48.45;50.79;56.63;57.61;58.22;55.4;59.45;60.99;64.49;67.88;73.06;71.19;70.61;71.82;72.99;77.62;76.98;78.55;82.51;80.25;81.32;78.93;84.01;87.03;93.35;94.05;100.85;99.87;91.51;90.93;100.77;99.05;99.72;97;103.28;102.77;99.47;102.87;97.95;98.09;;
San Marino;SMR;Food production index (2014-2016 = 100);AG.PRD.FOOD.XD;;;;;;;;;;;;;;;;;;;;;;;;;;;;;;;;;;;;;;;;;;;;;;;;;;;;;;;;;;;;;;;;
Somalia;SOM;Food production index (2014-2016 = 100);AG.PRD.FOOD.XD;;52.09;53.95;57.02;59.29;61.26;63.83;66.56;69.87;71.52;73.47;72.85;77.48;74.08;70.96;77.79;78.63;82.7;85.99;87.41;92.05;94.65;98.22;94.64;93.93;100.71;99.62;106.91;110.25;111.6;104.27;83.92;71.4;78.13;87.91;89.01;91.79;92.7;94.52;90.83;93.93;99.14;101.37;102.27;103.83;106.65;101.28;100.07;98.09;97.93;107.5;106.1;109.98;110.15;100.6;101.92;97.48;98.18;98.14;100.51;100.75;98.51;;
Serbia;SRB;Food production index (2014-2016 = 100);AG.PRD.FOOD.XD;;;;;;;;;;;;;;;;;;;;;;;;;;;;;;;;;;;;;;;;;;;;;;;98.08;90.88;100.86;103.41;100.37;101.26;82.81;99.45;98.01;94.38;107.62;90.74;107.77;107.88;110.95;104.22;;
Sub-Saharan Africa (excluding high income);SSA;Food production index (2014-2016 = 100);AG.PRD.FOOD.XD;;;;;;;;;;;;;;;;;;;;;;;;;;;;;;;;;;;;;;;;;;;;;;;;;;;;;;;;;;;;;;;;
South Sudan;SSD;Food production index (2014-2016 = 100);AG.PRD.FOOD.XD;;;;;;;;;;;;;;;;;;;;;;;;;;;;;;;;;;;;;;;;;;;;;;;;;;;;;94.97;94.4;98.56;100.64;100.8;100.15;101.95;107.01;105.07;113.01;;
Sub-Saharan Africa;SSF;Food production index (2014-2016 = 100);AG.PRD.FOOD.XD;;;;;;;;;;;;;;;;;;;;;;;;;;;;;;;;;;;;;;;;;;;;;;;;;;;;;;;;;;;;;;;;
Small states;SST;Food production index (2014-2016 = 100);AG.PRD.FOOD.XD;;;;;;;;;;;;;;;;;;;;;;;;;;;;;;;;;;;;;;;;;;;;;;;;;;;;;;;;;;;;;;;;
Sao Tome and Principe;STP;Food production index (2014-2016 = 100);AG.PRD.FOOD.XD;;84.54;89.19;76.27;93.26;85.81;89.99;90.74;87.88;81.56;81.7;88.69;85.54;89.71;85.09;71.16;67.63;66.74;69.8;76.8;63.26;67.02;64.59;64.46;57.07;59.77;62.47;61.39;64.19;57.8;53.77;56.28;72.49;75.47;80.43;74.17;85.48;99.67;105.16;107.48;108.07;112.01;112.71;113.58;106.08;108.62;107.51;107.86;103.69;105.59;103.85;99.63;101.71;110.5;106.36;89.31;104.33;110.89;106.54;105.53;103.68;104.42;;
Suriname;SUR;Food production index (2014-2016 = 100);AG.PRD.FOOD.XD;;27.4;31.59;31.43;32.84;39.76;42.24;48.56;49.97;49.35;53.15;52.42;48.5;56.17;55.24;60.98;58.68;61.67;67.22;70.91;76.69;82.82;86.14;79.49;89.05;91.15;89.07;85.96;88.15;89.27;80.14;88.06;92.34;83.27;78.57;78.49;76.4;76.61;66.55;68.33;64.09;70;57.47;62.33;65.24;67.68;72.51;77.39;77.36;89.47;92.07;90.63;91.3;98.61;101.66;98.2;100.14;103.52;97.94;94.71;85.81;87.79;;
Slovak Republic;SVK;Food production index (2014-2016 = 100);AG.PRD.FOOD.XD;;;;;;;;;;;;;;;;;;;;;;;;;;;;;;;;;;138.02;135.06;128.06;135.12;134.3;127.65;121.51;102.46;110.64;113.69;104.25;116.25;113.15;105.1;100.52;114.32;101.21;87.23;99.01;85.43;93.54;104.73;89.58;105.69;91.88;97.9;97.94;101.26;97.38;;
Slovenia;SVN;Food production index (2014-2016 = 100);AG.PRD.FOOD.XD;;;;;;;;;;;;;;;;;;;;;;;;;;;;;;;;;90.16;105.2;115.23;111.63;106.94;107.45;111.17;106.36;104.42;109.48;122.2;111.56;119.31;111.8;108.54;108.12;107.74;104.8;103.76;102.96;94.57;91.08;97.67;101.74;100.59;97.55;102.6;99.91;105;97.41;;
Sweden;SWE;Food production index (2014-2016 = 100);AG.PRD.FOOD.XD;;93.86;94.97;95.25;97.13;95.97;89.81;95.13;96.32;87.42;92.31;92.15;92.02;89.92;103.09;95.6;99.8;100.77;103.55;102.79;103.39;106.78;109.82;107.75;117.21;109.6;106.64;96.52;98.11;105.95;109.93;93.6;89.2;100.96;95.72;97.04;102.19;104.33;102.33;98.97;100.32;98.67;99.05;97.18;100.63;96.33;90.67;92.96;94.22;96.19;90.86;93.08;93.12;93.26;99.57;102.35;98.08;100.96;84.16;100.78;101.18;96.49;;
Eswatini;SWZ;Food production index (2014-2016 = 100);AG.PRD.FOOD.XD;;31.02;32.53;34.72;33.31;32.08;37.26;40.34;39.65;41.25;46.74;47.07;51.24;49.68;53.11;53.89;55.71;52.98;59.63;59.82;66.47;70.19;70.54;71.69;74.72;76.68;82.31;81.68;78.78;77.99;78.35;77.55;81.53;75.9;77.21;73.78;76.14;74.58;73.43;78.44;76.12;75.25;83.7;84.45;85.05;90.55;89.09;87.33;89.44;90.77;94.73;97.34;99.86;101.73;101.58;100.19;98.23;101.53;104.1;104.02;103.02;105.13;;
Sint Maarten (Dutch part);SXM;Food production index (2014-2016 = 100);AG.PRD.FOOD.XD;;;;;;;;;;;;;;;;;;;;;;;;;;;;;;;;;;;;;;;;;;;;;;;;;;;;;;;;;;;;;;;;
Seychelles;SYC;Food production index (2014-2016 = 100);AG.PRD.FOOD.XD;;156.01;166.08;156.02;185.66;168.38;193.31;234.57;255.51;171.93;163.75;150.53;186.07;171.36;166.08;151.29;152.07;138.92;128.97;141.4;151.47;149.6;147.92;165.18;135.04;158.18;169.7;132;119.35;129.72;126.09;131.29;121.3;125.95;144.07;168.8;162.44;175;160.69;158.88;147;130.65;128.57;124.05;111.31;102.91;99.04;103.74;104.07;98.04;99.2;110.09;94.28;88.85;96.61;99.4;103.99;89.9;103.16;101.94;97.95;94.85;;
Syrian Arab Republic;SYR;Food production index (2014-2016 = 100);AG.PRD.FOOD.XD;;20.23;27.5;25.51;27.57;26.63;22.77;28.86;27.16;29.59;23.27;26.49;35.8;22.86;39.29;41.22;47.18;45.02;52.37;48.64;66.44;67.5;70.16;68.7;62.5;67.67;74.05;62.98;84.59;60.05;70.96;70.51;81.5;75.29;81.59;87.4;98.45;83.62;108.25;88.92;101.19;100.13;120.97;118.71;121.73;130.53;141.18;123.74;115.92;129.61;121.93;137.85;124.17;111.48;90.51;108.01;101.48;103.99;98.55;113.74;122.9;104.06;;
Turks and Caicos Islands;TCA;Food production index (2014-2016 = 100);AG.PRD.FOOD.XD;;;;;;;;;;;;;;;;;;;;;;;;;;;;;;;;;;;;;;;;;;;;;;;;;;;;;;;;;;;;;;;;
Chad;TCD;Food production index (2014-2016 = 100);AG.PRD.FOOD.XD;;16.25;16.72;17.72;17.33;17.03;17;16.88;17.46;17.36;16.9;16.6;15.88;14.59;14.8;15.66;16.35;16.97;17.85;18.28;18.83;18.18;18.37;18.54;15.88;18.91;19.67;19.51;21.96;21.76;21.37;29.55;31;29.17;33.75;34.63;36.16;39.08;44.93;43.85;44.11;50.22;49.02;53.93;50.68;59.12;60.74;63.68;66.51;66.73;90.07;75.21;99.57;94.52;97.54;97.01;105.45;108.64;114.6;118.38;121.27;122.8;;
East Asia & Pacific (IDA & IBRD countries);TEA;Food production index (2014-2016 = 100);AG.PRD.FOOD.XD;;;;;;;;;;;;;;;;;;;;;;;;;;;;;;;;;;;;;;;;;;;;;;;;;;;;;;;;;;;;;;;;
Europe & Central Asia (IDA & IBRD countries);TEC;Food production index (2014-2016 = 100);AG.PRD.FOOD.XD;;;;;;;;;;;;;;;;;;;;;;;;;;;;;;;;;;;;;;;;;;;;;;;;;;;;;;;;;;;;;;;;
Togo;TGO;Food production index (2014-2016 = 100);AG.PRD.FOOD.XD;;26.3;26.86;28.6;29.49;30.24;31.62;31.42;31.95;32.33;35.03;36.22;34.14;34.78;34.04;35.35;34.08;33.05;35.95;38.19;37.31;37.52;37.27;34.67;38.46;40.11;40.91;40.23;43.14;46.03;47.26;43.6;44.25;51.8;50.23;51.51;59.02;61.35;58.95;63.76;60.46;64.33;64.87;65.93;67.86;73.94;79.42;81.28;89.76;96.96;95.09;102.73;99.17;92.86;101.78;98.66;99.55;103.12;106.41;108.67;111.05;112.48;;
Thailand;THA;Food production index (2014-2016 = 100);AG.PRD.FOOD.XD;;21.31;22.83;24.25;23.67;24.1;27.45;25.13;26.99;28.99;30.03;30.29;29.09;34.61;34.08;37.83;40.55;40.58;47.05;43.91;48.02;49.15;48.97;51.7;53.31;55.78;51.8;52.53;58.41;60.91;56.81;62.47;65.24;63.61;66.33;67.48;69.73;70.61;67.83;70.57;77.64;80.49;81.52;85.99;82.74;81.96;84.35;93.28;91.29;93.22;94.23;100.49;106.14;104.88;102.97;96.64;100.39;101.99;104.16;100.22;94.36;98.35;;
Tajikistan;TJK;Food production index (2014-2016 = 100);AG.PRD.FOOD.XD;;;;;;;;;;;;;;;;;;;;;;;;;;;;;;;;;35.05;28.6;27.51;27.16;24.11;24.89;21.63;23.06;26.75;27.92;31.71;34.79;40.34;42.86;45.19;47.78;52.21;59.62;62.61;64.64;70.79;78.72;79.52;111.67;108.81;119.36;131.7;138.7;135.94;128.77;;
Turkmenistan;TKM;Food production index (2014-2016 = 100);AG.PRD.FOOD.XD;;;;;;;;;;;;;;;;;;;;;;;;;;;;;;;;;33.08;39.45;42.28;43.29;38.08;38.63;46.66;51.32;58.5;64.98;78.07;84.7;85.42;94.69;99.84;96.36;91.9;98.25;95.57;93.44;98.68;100.01;98.52;100.55;100.93;96.78;99.38;111.39;109.57;108.85;;
Latin America & the Caribbean (IDA & IBRD countries);TLA;Food production index (2014-2016 = 100);AG.PRD.FOOD.XD;;;;;;;;;;;;;;;;;;;;;;;;;;;;;;;;;;;;;;;;;;;;;;;;;;;;;;;;;;;;;;;;
Timor-Leste;TLS;Food production index (2014-2016 = 100);AG.PRD.FOOD.XD;;64.33;64.22;64.49;68.49;69.47;71.67;71.18;73.52;73.72;74.7;76.08;78.98;80.24;80.59;79.06;73.13;70.68;69.57;66.4;63.79;63.77;63.92;65.13;68.68;70.51;70.77;71.45;70.98;70.47;77.06;81.74;81.06;87.91;85.25;84.8;78.5;80.43;71.61;68.52;73.09;73.29;81.21;81.08;78.2;84.32;88.03;85.29;93.84;110.18;106.74;94.4;102.88;99.31;98.47;105.95;95.59;92.39;92.38;91.85;86.73;76.34;;
Middle East & North Africa (IDA & IBRD countries);TMN;Food production index (2014-2016 = 100);AG.PRD.FOOD.XD;;;;;;;;;;;;;;;;;;;;;;;;;;;;;;;;;;;;;;;;;;;;;;;;;;;;;;;;;;;;;;;;
Tonga;TON;Food production index (2014-2016 = 100);AG.PRD.FOOD.XD;;133.99;123.67;131.11;129.29;133.19;147.57;152.75;141.64;143.08;128.76;132.98;144.63;136.57;146.35;156.56;154.79;148.17;130.79;130.56;140.94;137.33;109.71;110.22;111.38;108.26;117.88;105.21;97.51;97.41;95.07;97.38;96.33;118.83;103.83;93.94;94.94;92.47;88.99;88.59;91.73;91.75;94.9;93.1;92.8;92.84;101.39;134.67;130.98;130.59;129.55;129.06;126.5;127.38;95.21;106.32;98.46;98.56;96.91;96.98;96.9;94.39;;
South Asia (IDA & IBRD);TSA;Food production index (2014-2016 = 100);AG.PRD.FOOD.XD;;;;;;;;;;;;;;;;;;;;;;;;;;;;;;;;;;;;;;;;;;;;;;;;;;;;;;;;;;;;;;;;
Sub-Saharan Africa (IDA & IBRD countries);TSS;Food production index (2014-2016 = 100);AG.PRD.FOOD.XD;;;;;;;;;;;;;;;;;;;;;;;;;;;;;;;;;;;;;;;;;;;;;;;;;;;;;;;;;;;;;;;;
Trinidad and Tobago;TTO;Food production index (2014-2016 = 100);AG.PRD.FOOD.XD;;119.07;109.72;117.22;115.02;127.16;125.02;124.22;134.01;132.96;139.34;131.32;141.15;122.74;124.35;124.87;137.58;129.79;118.52;116.06;112.54;102.96;111.68;99.64;95.03;96.19;96.09;96.48;98.61;94.82;103.12;103.05;100.66;103.9;106.03;106.68;108.94;102.56;90.61;99.1;113.09;112.35;136.51;119.7;115.33;112.72;114.27;119.76;98.37;103.66;109.46;106.85;109.03;108.52;108.7;89.16;102.15;107.2;109.48;93.92;89.52;89.53;;
Tunisia;TUN;Food production index (2014-2016 = 100);AG.PRD.FOOD.XD;;19.2;21.12;26.84;26.07;25.17;20.81;22.85;22.79;19.24;24.92;34.42;28.93;34.77;35.19;42.08;35.12;38.3;34.89;34.04;41.6;37.48;32.93;43.81;40.73;48.46;45.12;49.88;37.54;46;56.65;69.89;58.31;64.77;48.27;46.69;80.44;56.42;70.66;78.41;67.09;57.93;58.61;85.12;73.58;80.96;84.42;84.18;87.02;85.57;84.63;85.35;96.35;93.4;89.59;114.83;95.59;93.75;113.37;104.15;122.95;103.68;;
Turkiye;TUR;Food production index (2014-2016 = 100);AG.PRD.FOOD.XD;;28.58;29.46;30.35;30.45;30.13;32.59;32.91;34.38;34.28;36.29;37.62;38.44;35.71;38.67;42.08;44.59;44.48;46.83;47.36;48.32;49.56;51.44;50.43;53.82;54.43;58.98;58.07;61.83;58.49;62.3;61.21;61.31;61.11;62.39;61.55;66.04;64.01;71.2;68.41;71.56;69;73.25;74.45;74.04;79.47;80.93;77.28;82.25;84.49;86.16;90.15;95.48;98.16;95.76;101.8;102.44;109;109.14;115.05;120.68;120.5;;
Tuvalu;TUV;Food production index (2014-2016 = 100);AG.PRD.FOOD.XD;;73.69;74.03;74.36;79.77;79.88;80;72.62;67.89;61.9;56.78;74.98;40.26;36.38;87.3;44.07;36.72;50.99;91.1;95.63;92.53;91.74;64.37;67.58;71.81;75.4;70.91;64.62;61.74;64.74;57.71;93.26;79.83;70.93;69.84;74.33;75.94;78.86;81.69;79.9;85.48;83.84;87.94;89.94;89.05;90.41;91.05;94.19;94.08;95.74;94.39;95.52;97.3;99.64;98.81;100.21;100.97;101.93;102;112.48;112.9;108.96;;
Tanzania;TZA;Food production index (2014-2016 = 100);AG.PRD.FOOD.XD;;14.02;14.41;15.66;15.59;15.76;17.49;17.39;17.24;17.78;18.79;18.77;18.64;19.82;20.03;22.99;23.98;25.8;26.48;27.74;26.27;27.48;28.92;30.29;30.95;32.91;33.29;33.24;33.15;35.64;36.28;36.67;35.85;36.88;36.09;38.95;38.58;37.19;40.7;42.16;39.83;43.1;53.56;46.59;53.98;54.74;61.11;61.35;61.98;64.1;75.59;82.7;86.8;93.36;98.98;103.49;97.53;99.07;107.75;108.47;112.31;113.67;;
Uganda;UGA;Food production index (2014-2016 = 100);AG.PRD.FOOD.XD;;37.49;38.43;41.07;41.96;36.04;37.75;44.64;49.23;53.45;70.06;68.74;69.7;70.19;76.09;81.58;76.86;77.49;78.64;58.04;55.89;60.82;65.45;68.58;64.48;66.15;65.93;69.32;73.15;77.58;81.67;81.63;81.26;85.67;84.82;89.03;84.85;87.36;94.16;97.65;101.29;106.48;111.08;115.24;115.5;115.43;115.27;118.58;88.81;93.91;96.55;97.93;96.75;98.56;101.65;104.27;94.08;103.54;103.25;118.7;127.8;122.57;;
Ukraine;UKR;Food production index (2014-2016 = 100);AG.PRD.FOOD.XD;;;;;;;;;;;;;;;;;;;;;;;;;;;;;;;;;90.09;90.55;77.13;74.92;67.37;67.96;59.8;56.75;62.02;66.35;68.2;66.26;72.9;72.8;72.95;67.77;84.31;80.16;77.64;93.99;88.1;101.15;101.13;96.81;102.05;100.03;107.28;109.39;99.29;113.94;;
Upper middle income;UMC;Food production index (2014-2016 = 100);AG.PRD.FOOD.XD;;;;;;;;;;;;;;;;;;;;;;;;;;;;;;;;;;;;;;;;;;;;;;;;;;;;;;;;;;;;;;;;
Uruguay;URY;Food production index (2014-2016 = 100);AG.PRD.FOOD.XD;;37.26;37.47;38.82;45.55;40.42;37.67;34.62;42.66;44.36;49.28;41.16;40.04;40.56;44.54;44.85;49.72;42.62;40.91;38.5;43.01;50.59;51.15;53.96;43.3;45.87;45.88;43.62;49.07;53.69;49.3;48.38;51.79;51.2;55;54.8;63.69;67.18;66.92;70.29;65.55;56.76;60.86;63.19;72.85;82.25;84.08;80.54;81.59;84.3;90.65;90.12;99.16;96.27;102.76;101.26;95.99;104.32;88.76;101.5;91.82;98.83;;
United States;USA;Food production index (2014-2016 = 100);AG.PRD.FOOD.XD;;41.25;41.31;42.94;43.49;45.35;46.31;48.66;49.19;49.82;49.11;53.32;52.76;53.67;52.62;56.76;58.17;60.19;60.68;63.41;60.9;65.89;66.7;57.78;65.41;68.59;66.19;65.48;60.46;66.52;68.81;67.32;73.34;67.27;77;71.51;76.52;79.13;80.09;81.01;83;81.63;80.43;83.11;87.93;85.62;84.45;89.62;91.21;93.04;92.23;91.37;90.9;95.81;98.13;97.01;104.86;101.96;103.2;99.65;104.05;105.46;;
Uzbekistan;UZB;Food production index (2014-2016 = 100);AG.PRD.FOOD.XD;;;;;;;;;;;;;;;;;;;;;;;;;;;;;;;;;33.88;33.41;33.55;34.74;32.63;33.12;34;34.82;36.97;37.49;40.19;43.59;45.52;48.66;54.3;56.05;59.08;64.11;68.9;73.94;80.17;86.92;93.08;100.51;106.41;101.18;105.11;105.23;106.96;109.94;;
St. Vincent and the Grenadines;VCT;Food production index (2014-2016 = 100);AG.PRD.FOOD.XD;;67.92;69.49;68.3;71.14;67.41;66.47;60.77;62.79;64.01;61.49;65.68;61.85;63.25;58.84;56.65;64.52;63.53;72.68;70.32;68.94;73.97;74.38;78.98;93.97;109.18;107;87.79;121.22;109.42;118.36;100.64;117.85;103.24;68.3;86.89;81.52;67.21;72.59;70.79;73.3;77.01;80.59;82.54;78.05;88.44;89.72;92.49;92.95;96.42;93.97;96.27;98.69;98.31;102.01;100.15;97.83;99.32;101.87;104.15;104.85;103.83;;
Venezuela, RB;VEN;Food production index (2014-2016 = 100);AG.PRD.FOOD.XD;;24.39;25.01;26.44;28.54;30.42;32.2;33.7;34.92;37.55;39.35;40.08;40.3;41.61;43.23;45.86;44.9;48.79;51.54;53.69;56.7;57.7;58.86;60.99;59.92;63.82;65.74;65.57;71.02;68.91;72.29;68.68;71.33;74.7;72.36;72.66;76.49;82.3;82.75;85.56;90.78;94.22;92.01;87.87;83.42;92.98;96.27;98.44;100.08;102.16;103.32;115.66;106.01;104.53;105.75;101.45;92.79;88.83;82.03;82.12;86.85;85.78;;
British Virgin Islands;VGB;Food production index (2014-2016 = 100);AG.PRD.FOOD.XD;;;;;;;;;;;;;;;;;;;;;;;;;;;;;;;;;;;;;;;;;;;;;;;;;;;;;;;;;;;;;;;;
Virgin Islands (U.S.);VIR;Food production index (2014-2016 = 100);AG.PRD.FOOD.XD;;;;;;;;;;;;;;;;;;;;;;;;;;;;;;;;;;;;;;;;;;;;;;;;;;;;;;;;;;;;;;;;
Vietnam;VNM;Food production index (2014-2016 = 100);AG.PRD.FOOD.XD;;15.77;16.72;16.73;16.96;16.86;15.98;16.81;15.98;16.43;17.87;18.26;18.71;19.14;19.08;18.06;20.58;20.08;20.18;22.5;23.71;25.2;27.69;28.41;30.03;30.41;31.59;31.73;33.48;36.02;36.61;35.47;38.51;40.47;42.09;44.55;47.22;49.64;52.01;55.58;57.83;59.42;64.49;66.81;69.87;71.86;73.95;75.84;80.87;82.13;83.91;87.27;94.22;95.9;98.67;100.73;100.6;101.67;105.31;104.83;106.07;111.65;;
Vanuatu;VUT;Food production index (2014-2016 = 100);AG.PRD.FOOD.XD;;52.5;52.64;58.34;60.76;52.35;58.93;67.15;60.81;64.04;60.83;65.95;51.19;57.12;70.77;69.88;74.75;80.54;85;84.12;73.99;87.73;78.09;84.73;93.82;86.77;90.06;91.78;84.69;75.69;98.06;85.02;82.84;84.08;85.71;88.28;89.56;104.17;107.08;90.69;86.4;86.85;78.93;82.95;84.74;86.38;86.96;89.07;91.27;88.85;114.13;108.5;110.46;116.76;104.81;97.68;97.5;104.9;103.99;104.89;103.28;104.56;;
World;WLD;Food production index (2014-2016 = 100);AG.PRD.FOOD.XD;;;;;;;;;;;;;;;;;;;;;;;;;;;;;;;;;;;;;;;;;;;;;;;;;;;;;;;;;;;;;;;;
Samoa;WSM;Food production index (2014-2016 = 100);AG.PRD.FOOD.XD;;93.63;102.63;105.44;110.33;97.1;91.03;85.73;97.29;106.2;96.09;112.63;107.07;104.48;110.48;109.25;108.82;114.4;107.64;122.12;126.5;121.08;136.16;126.44;121.85;128.09;129.21;124.87;121.37;115.98;102.49;83.63;84.41;82.16;82.1;92.27;97.9;100.5;104;100.68;103.87;107.69;109.48;110.95;110.93;113.03;111.86;109.83;112.05;117.67;119.57;123.1;123.34;124.08;123.52;90.74;85.74;82.32;79.43;73.23;79.41;83.63;;
Kosovo;XKX;Food production index (2014-2016 = 100);AG.PRD.FOOD.XD;;;;;;;;;;;;;;;;;;;;;;;;;;;;;;;;;;;;;;;;;;;;;;;;;;;;;;;;;;;;;;;;
Yemen, Rep.;YEM;Food production index (2014-2016 = 100);AG.PRD.FOOD.XD;;20.94;21.21;21.75;22.18;22.37;21.94;21.97;21.05;20.11;18.9;22.8;22.05;23.84;24.55;28.56;27.8;28.43;27.99;30.49;31.66;31.63;31.83;28.82;31.1;32.52;36.97;36.52;40.57;42.47;39.75;37.56;42.97;45.47;45;45.92;45.69;48.93;52.96;53.14;57.34;61.96;62.14;64.29;64.02;64.74;69.86;75.88;80.57;92.29;99.92;98.99;104.86;108.53;108.13;99.62;92.25;91.56;90.93;104.33;108.21;104.92;;
South Africa;ZAF;Food production index (2014-2016 = 100);AG.PRD.FOOD.XD;;32.21;32.8;34.38;33.21;34.83;36.59;43.69;38.52;40.67;39.73;44.86;48.16;41.6;49.59;48.41;48.49;51.15;53.63;53.12;55.04;59.96;55.36;49.13;53.08;56.08;55.2;58.08;58.6;61.64;61.48;63.97;54.86;60.98;62.22;55.24;64.17;70.65;62.53;67.6;71.15;68.13;72.34;72.77;74.45;79;76.7;78.75;88.6;87.39;90.03;89.21;92.16;97.4;102.95;100.99;96.06;105.85;104.32;104.54;111.39;114.31;;
Zambia;ZMB;Food production index (2014-2016 = 100);AG.PRD.FOOD.XD;;15.68;15.55;15.37;16.16;16.91;18.54;19.02;19.38;19.8;19.38;22.02;25.53;23.09;24.32;28.68;32.35;30.84;28.32;24.8;25.89;26.19;25.39;26.49;26.01;29.06;30.48;30.66;37.24;37.7;36.1;41.81;36.78;46.73;41.59;38.97;44.53;40.9;40.03;44.1;45.47;45.46;46.14;51.33;51.14;51.35;55.52;55.2;59.3;77.28;91.6;96.65;95.45;99.64;105.84;92.53;101.63;124.86;117.76;112.74;122.8;128.88;;
Zimbabwe;ZWE;Food production index (2014-2016 = 100);AG.PRD.FOOD.XD;;20.82;22.59;21.49;21.39;21.73;25.16;27.27;23.9;29.02;28.48;35.97;41.23;34.13;39.9;37.23;40.88;41.2;40.29;35.1;34.86;42.18;38.28;31.78;34.28;45.63;43.55;36.87;46.9;43.48;44.94;91.59;85.62;77.19;83.04;76.06;95.6;95.01;96.57;103.61;106.4;106.72;90.9;93.02;100.35;93.93;96.45;96.69;89.09;94.74;106.49;108.57;112.5;112.21;96.89;101.19;101.92;106.55;108.86;105.55;109.6;132.04;;